node,longitude,latitude
45,110.30599129677098,34.975735354006645
106,110.64598162651652,35.35414715225036
102,110.64598162651652,34.54326472744239
92,110.5779835605674,34.86761769736558
82,110.50998549461829,35.0838530106477
57,110.37398936272008,35.02979418232717
93,110.5779835605674,35.0838530106477
69,110.4419874286692,35.02979418232717
95,110.5779835605674,35.35414715225036
83,110.50998549461829,35.30008832392983
70,110.4419874286692,35.30008832392983
159,110.98597195626205,35.2460294956093
115,110.71397969246561,35.35414715225036
105,110.64598162651652,35.0838530106477
94,110.5779835605674,35.30008832392983
91,110.5779835605674,34.75950004072452
84,110.50998549461829,35.516323637211954
305,111.46195841790579,35.30008832392983
121,110.78197775841473,34.86761769736558
112,110.71397969246561,34.86761769736558
104,110.64598162651652,34.86761769736558
342,111.597954549804,36.21908840537886
290,111.3939603519567,35.57038246553249
242,111.25796422005847,35.02979418232717
148,110.91797389031294,35.67850012217355
146,110.91797389031294,35.40820598057089
122,110.78197775841473,35.137911838968236
96,110.5779835605674,35.62444129385302
274,111.32596228600758,35.57038246553249
245,111.25796422005847,35.191970667288764
170,111.05397002221115,35.2460294956093
135,110.84997582436384,35.40820598057089
125,110.78197775841473,35.67850012217355
116,110.71397969246561,35.67850012217355
107,110.64598162651652,35.67850012217355
97,110.5779835605674,35.67850012217355
729,112.95791586878615,35.191970667288764
446,111.93794487954955,35.2460294956093
369,111.66595261575311,36.54344137530205
248,111.25796422005847,35.57038246553249
215,111.18996615410937,34.975735354006645
214,111.18996615410937,34.92167652568611
134,110.84997582436384,35.191970667288764
133,110.84997582436384,35.137911838968236
132,110.84997582436384,34.92167652568611
160,110.98597195626205,35.462264808891426
158,110.98597195626205,35.191970667288764
145,110.91797389031294,35.191970667288764
144,110.91797389031294,34.92167652568611
124,110.78197775841473,35.40820598057089
399,111.80194874765132,35.35414715225036
194,111.12196808816026,35.786617778814616
191,111.12196808816026,35.462264808891426
136,110.84997582436384,35.67850012217355
219,111.18996615410937,35.516323637211954
252,111.25796422005847,36.05691192041727
472,112.00594294549865,36.21908840537886
275,111.32596228600758,35.73255895049408
626,112.61792553904061,38.976088649725966
410,111.80194874765132,37.30026497178949
291,111.3939603519567,35.73255895049408
249,111.25796422005847,35.89473543545567
240,111.25796422005847,34.75950004072452
218,111.18996615410937,35.30008832392983
193,111.12196808816026,35.73255895049408
192,111.12196808816026,35.516323637211954
171,111.05397002221115,35.462264808891426
162,110.98597195626205,35.73255895049408
404,111.80194874765132,36.43532371866099
188,111.12196808816026,35.02979418232717
294,111.3939603519567,36.1109707487378
217,111.18996615410937,35.0838530106477
172,111.05397002221115,35.73255895049408
147,110.91797389031294,35.462264808891426
345,111.597954549804,36.489382546981524
292,111.3939603519567,35.786617778814616
169,111.05397002221115,34.975735354006645
157,110.98597195626205,34.975735354006645
156,110.98597195626205,34.92167652568611
246,111.25796422005847,35.30008832392983
471,112.00594294549865,35.2460294956093
685,112.82191973688793,38.11114739659746
587,112.4819294071424,35.0838530106477
269,111.32596228600758,34.813558869045046
190,111.12196808816026,35.30008832392983
161,110.98597195626205,35.67850012217355
287,111.3939603519567,35.2460294956093
403,111.80194874765132,36.21908840537886
338,111.597954549804,35.462264808891426
306,111.46195841790579,35.35414715225036
244,111.25796422005847,35.137911838968236
243,111.25796422005847,35.0838530106477
221,111.18996615410937,35.840676607135144
189,111.12196808816026,35.2460294956093
1109,114.24987912181918,40.003206387816064
224,111.18996615410937,36.43532371866099
812,113.22990813258258,36.38126489034046
350,111.597954549804,37.19214731514843
327,111.5299564838549,35.786617778814616
247,111.25796422005847,35.516323637211954
223,111.18996615410937,36.38126489034046
220,111.18996615410937,35.786617778814616
810,113.22990813258258,36.2731472336994
251,111.25796422005847,36.002853092096736
309,111.46195841790579,35.786617778814616
255,111.25796422005847,36.21908840537886
310,111.46195841790579,35.840676607135144
639,112.68592360498972,35.40820598057089
365,111.66595261575311,36.21908840537886
293,111.3939603519567,35.840676607135144
222,111.18996615410937,35.89473543545567
195,111.12196808816026,36.59750020362259
203,111.12196808816026,37.35432380011002
229,111.18996615410937,37.35432380011002
420,111.86994681360044,34.975735354006645
325,111.5299564838549,35.57038246553249
273,111.32596228600758,35.35414715225036
401,111.80194874765132,35.89473543545567
276,111.32596228600758,35.840676607135144
277,111.32596228600758,36.002853092096736
348,111.597954549804,36.75967668858418
256,111.25796422005847,36.2731472336994
253,111.25796422005847,36.1109707487378
230,111.18996615410937,37.67867677003321
207,111.12196808816026,37.57055911339215
339,111.597954549804,35.62444129385302
359,111.66595261575311,35.62444129385302
308,111.46195841790579,35.57038246553249
340,111.597954549804,35.786617778814616
328,111.5299564838549,35.89473543545567
279,111.32596228600758,36.1109707487378
250,111.25796422005847,35.94879426377621
448,111.93794487954955,36.1109707487378
408,111.80194874765132,36.975912001866305
389,111.73395068170223,36.59750020362259
387,111.73395068170223,36.21908840537886
257,111.25796422005847,36.327206062019926
296,111.3939603519567,36.21908840537886
259,111.25796422005847,37.89491208331534
233,111.18996615410937,37.840853254994805
260,111.25796422005847,37.94897091163587
280,111.32596228600758,38.11114739659746
425,111.86994681360044,36.002853092096736
400,111.80194874765132,35.840676607135144
341,111.597954549804,35.89473543545567
295,111.3939603519567,36.165029577058334
282,111.32596228600758,38.21926505323852
776,113.09391200068436,39.08420630636703
298,111.3939603519567,38.21926505323852
556,112.34593327524418,37.24620614346896
383,111.73395068170223,35.94879426377621
407,111.80194874765132,36.705617860263644
388,111.73395068170223,36.43532371866099
385,111.73395068170223,36.1109707487378
381,111.73395068170223,35.840676607135144
364,111.66595261575311,36.05691192041727
362,111.66595261575311,35.94879426377621
317,111.46195841790579,36.489382546981524
311,111.46195841790579,36.165029577058334
297,111.3939603519567,36.2731472336994
840,113.29790619853168,39.19232396300809
573,112.41393134119329,37.30026497178949
343,111.597954549804,36.327206062019926
330,111.5299564838549,36.327206062019926
314,111.46195841790579,36.327206062019926
313,111.46195841790579,36.2731472336994
312,111.46195841790579,36.21908840537886
594,112.4819294071424,37.94897091163587
384,111.73395068170223,36.05691192041727
323,111.5299564838549,35.40820598057089
452,111.93794487954955,36.651559031943115
357,111.66595261575311,35.462264808891426
423,111.86994681360044,35.89473543545567
752,113.02591393473526,38.489559194841185
541,112.27793520929508,39.19232396300809
366,111.66595261575311,36.38126489034046
329,111.5299564838549,36.21908840537886
402,111.80194874765132,35.94879426377621
574,112.41393134119329,37.62461794171268
450,111.93794487954955,36.21908840537886
428,111.86994681360044,36.21908840537886
422,111.86994681360044,35.35414715225036
405,111.80194874765132,36.489382546981524
363,111.66595261575311,36.002853092096736
771,113.09391200068436,36.002853092096736
451,111.93794487954955,36.59750020362259
429,111.86994681360044,36.2731472336994
386,111.73395068170223,36.165029577058334
367,111.66595261575311,36.43532371866099
347,111.597954549804,36.59750020362259
370,111.66595261575311,36.59750020362259
391,111.73395068170223,37.02997083018683
390,111.73395068170223,36.705617860263644
372,111.66595261575311,36.75967668858418
349,111.597954549804,37.1380884868279
426,111.86994681360044,36.05691192041727
492,112.07394101144776,37.08402965850737
431,111.86994681360044,36.38126489034046
430,111.86994681360044,36.327206062019926
406,111.80194874765132,36.59750020362259
368,111.66595261575311,36.489382546981524
509,112.14193907739687,37.1380884868279
456,111.93794487954955,36.86779434522524
433,111.86994681360044,36.489382546981524
432,111.86994681360044,36.43532371866099
371,111.66595261575311,36.705617860263644
473,112.00594294549865,37.02997083018683
459,111.93794487954955,37.02997083018683
457,111.93794487954955,36.92185317354577
454,111.93794487954955,36.75967668858418
453,111.93794487954955,36.705617860263644
409,111.80194874765132,37.02997083018683
392,111.73395068170223,37.08402965850737
373,111.66595261575311,37.08402965850737
374,111.66595261575311,37.1380884868279
950,113.63789652827721,35.89473543545567
905,113.501900396379,36.975912001866305
434,111.86994681360044,36.54344137530205
558,112.34593327524418,37.62461794171268
436,111.86994681360044,36.705617860263644
474,112.00594294549865,37.08402965850737
375,111.66595261575311,37.19214731514843
656,112.75392167093882,38.21926505323852
435,111.86994681360044,36.59750020362259
458,111.93794487954955,36.975912001866305
455,111.93794487954955,36.81373551690471
927,113.56989846232811,36.975912001866305
780,113.09391200068436,39.354500447969684
667,112.75392167093882,39.24638279132862
616,112.61792553904061,37.40838262843055
557,112.34593327524418,37.30026497178949
537,112.27793520929508,37.24620614346896
525,112.20993714334597,37.35432380011002
523,112.20993714334597,37.19214731514843
513,112.14193907739687,37.57055911339215
508,112.14193907739687,37.08402965850737
494,112.07394101144776,37.30026497178949
493,112.07394101144776,37.24620614346896
461,111.93794487954955,37.46244145675109
460,111.93794487954955,37.40838262843055
437,111.86994681360044,37.35432380011002
1014,113.84189072612453,37.40838262843055
590,112.4819294071424,37.73273559835374
538,112.27793520929508,37.35432380011002
511,112.14193907739687,37.30026497178949
496,112.07394101144776,37.57055911339215
475,112.00594294549865,37.46244145675109
411,111.80194874765132,37.35432380011002
447,111.93794487954955,35.30008832392983
795,113.16191006663347,36.2731472336994
652,112.75392167093882,35.462264808891426
512,112.14193907739687,37.35432380011002
524,112.20993714334597,37.24620614346896
845,113.29790619853168,39.7329122462134
540,112.27793520929508,37.62461794171268
539,112.27793520929508,37.40838262843055
495,112.07394101144776,37.516500285071615
619,112.61792553904061,38.59767685148225
683,112.82191973688793,37.57055911339215
641,112.68592360498972,37.46244145675109
526,112.20993714334597,37.57055911339215
510,112.14193907739687,37.19214731514843
929,113.56989846232811,37.08402965850737
684,112.82191973688793,37.62461794171268
655,112.75392167093882,37.57055911339215
604,112.5499274730915,37.35432380011002
591,112.4819294071424,37.78679442667428
589,112.4819294071424,37.35432380011002
588,112.4819294071424,37.30026497178949
882,113.4339023304299,36.86779434522524
838,113.29790619853168,38.651735679802776
617,112.61792553904061,38.489559194841185
615,112.61792553904061,37.35432380011002
880,113.4339023304299,36.75967668858418
528,112.20993714334597,40.27350052941872
560,112.34593327524418,40.21944170109819
653,112.75392167093882,37.46244145675109
640,112.68592360498972,37.40838262843055
576,112.41393134119329,37.73273559835374
592,112.4819294071424,37.840853254994805
931,113.56989846232811,39.24638279132862
595,112.4819294071424,39.40855927629022
542,112.27793520929508,39.24638279132862
666,112.75392167093882,39.19232396300809
559,112.34593327524418,39.40855927629022
544,112.27793520929508,39.354500447969684
714,112.88991780283703,39.030147478046494
546,112.27793520929508,40.27350052941872
671,112.75392167093882,39.624794589572346
733,112.95791586878615,38.43550036652065
593,112.4819294071424,37.89491208331534
575,112.41393134119329,37.67867677003321
799,113.16191006663347,39.24638279132862
577,112.41393134119329,39.40855927629022
738,112.95791586878615,39.78697107453394
578,112.41393134119329,40.38161818605978
561,112.34593327524418,40.27350052941872
979,113.70589459422632,37.30026497178949
926,113.56989846232811,36.489382546981524
689,112.82191973688793,38.38144153820012
672,112.75392167093882,39.678853417892874
796,113.16191006663347,38.54361802316171
815,113.22990813258258,38.59767685148225
654,112.75392167093882,37.516500285071615
1042,113.97788685802276,37.73273559835374
948,113.63789652827721,35.786617778814616
945,113.63789652827721,35.62444129385302
930,113.56989846232811,38.8679709930849
883,113.4339023304299,38.75985333644384
834,113.29790619853168,36.489382546981524
817,113.22990813258258,39.13826513468756
760,113.02591393473526,39.94914755949553
734,112.95791586878615,38.489559194841185
688,112.82191973688793,38.327382709879586
659,112.75392167093882,38.651735679802776
658,112.75392167093882,38.327382709879586
687,112.82191973688793,38.21926505323852
621,112.61792553904061,38.70579450812331
863,113.36590426448079,39.19232396300809
712,112.88991780283703,38.43550036652065
756,113.02591393473526,39.19232396300809
693,112.82191973688793,39.24638279132862
664,112.75392167093882,38.92202982140543
665,112.75392167093882,39.13826513468756
643,112.68592360498972,39.46261810461075
642,112.68592360498972,39.19232396300809
605,112.5499274730915,39.40855927629022
1160,114.38587525371739,39.46261810461075
774,113.09391200068436,36.165029577058334
1012,113.84189072612453,37.30026497178949
996,113.77389266017543,37.19214731514843
754,113.02591393473526,39.030147478046494
625,112.61792553904061,38.92202982140543
620,112.61792553904061,38.651735679802776
618,112.61792553904061,38.54361802316171
1003,113.77389266017543,40.003206387816064
797,113.16191006663347,38.59767685148225
753,113.02591393473526,38.54361802316171
736,112.95791586878615,39.19232396300809
713,112.88991780283703,38.976088649725966
690,112.82191973688793,38.92202982140543
662,112.75392167093882,38.813912164764375
661,112.75392167093882,38.75985333644384
624,112.61792553904061,38.8679709930849
816,113.22990813258258,38.651735679802776
660,112.75392167093882,38.70579450812331
622,112.61792553904061,38.75985333644384
623,112.61792553904061,38.813912164764375
999,113.77389266017543,39.300441619649156
718,112.88991780283703,39.354500447969684
715,112.88991780283703,39.13826513468756
692,112.82191973688793,39.13826513468756
691,112.82191973688793,38.976088649725966
627,112.61792553904061,39.46261810461075
955,113.63789652827721,37.24620614346896
798,113.16191006663347,39.13826513468756
1071,114.11388298992097,39.40855927629022
841,113.29790619853168,39.300441619649156
735,112.95791586878615,39.030147478046494
717,112.88991780283703,39.300441619649156
695,112.82191973688793,39.516676932931276
670,112.75392167093882,39.57073576125181
668,112.75392167093882,39.46261810461075
1134,114.31787718776829,39.46261810461075
711,112.88991780283703,38.38144153820012
778,113.09391200068436,39.19232396300809
755,113.02591393473526,39.08420630636703
758,113.02591393473526,39.841029902854466
757,113.02591393473526,39.354500447969684
934,113.56989846232811,39.895088731175
800,113.16191006663347,39.40855927629022
697,112.82191973688793,39.7329122462134
906,113.501900396379,38.813912164764375
716,112.88991780283703,39.19232396300809
779,113.09391200068436,39.24638279132862
775,113.09391200068436,38.54361802316171
956,113.63789652827721,39.24638279132862
781,113.09391200068436,39.40855927629022
821,113.22990813258258,39.40855927629022
737,112.95791586878615,39.354500447969684
782,113.09391200068436,39.94914755949553
846,113.29790619853168,40.165382872777656
910,113.501900396379,39.57073576125181
777,113.09391200068436,39.13826513468756
842,113.29790619853168,39.46261810461075
819,113.22990813258258,39.24638279132862
719,112.88991780283703,39.7329122462134
720,112.88991780283703,39.78697107453394
739,112.95791586878615,39.841029902854466
890,113.4339023304299,40.165382872777656
1073,114.11388298992097,40.38161818605978
803,113.16191006663347,40.165382872777656
818,113.22990813258258,39.19232396300809
751,113.02591393473526,36.002853092096736
1231,114.52187138561561,40.32755935773925
911,113.501900396379,39.841029902854466
1016,113.84189072612453,40.003206387816064
1000,113.77389266017543,39.7329122462134
843,113.29790619853168,39.624794589572346
822,113.22990813258258,39.46261810461075
869,113.36590426448079,40.27350052941872
784,113.09391200068436,40.05726521613659
820,113.22990813258258,39.300441619649156
981,113.70589459422632,39.300441619649156
865,113.36590426448079,39.516676932931276
814,113.22990813258258,36.489382546981524
813,113.22990813258258,36.43532371866099
801,113.16191006663347,40.05726521613659
935,113.56989846232811,39.94914755949553
888,113.4339023304299,39.78697107453394
858,113.36590426448079,36.651559031943115
835,113.29790619853168,36.54344137530205
998,113.77389266017543,37.30026497178949
1031,113.90988879207364,40.003206387816064
957,113.63789652827721,39.624794589572346
849,113.29790619853168,40.32755935773925
825,113.22990813258258,40.27350052941872
1004,113.77389266017543,40.43567701438031
951,113.63789652827721,36.489382546981524
836,113.29790619853168,36.59750020362259
933,113.56989846232811,39.624794589572346
912,113.501900396379,39.895088731175
909,113.501900396379,39.24638279132862
868,113.36590426448079,40.21944170109819
864,113.36590426448079,39.46261810461075
932,113.56989846232811,39.57073576125181
886,113.4339023304299,39.516676932931276
903,113.501900396379,36.86779434522524
952,113.63789652827721,37.08402965850737
1072,114.11388298992097,40.003206387816064
1055,114.04588492397185,39.40855927629022
1030,113.90988879207364,39.354500447969684
959,113.63789652827721,39.94914755949553
960,113.63789652827721,40.32755935773925
914,113.501900396379,40.21944170109819
1026,113.90988879207364,37.46244145675109
1088,114.18188105587006,40.003206387816064
1089,114.18188105587006,40.38161818605978
1002,113.77389266017543,39.94914755949553
1001,113.77389266017543,39.78697107453394
984,113.70589459422632,39.94914755949553
949,113.63789652827721,35.840676607135144
1040,113.97788685802276,37.62461794171268
1039,113.97788685802276,37.57055911339215
1028,113.90988879207364,37.57055911339215
1027,113.90988879207364,37.516500285071615
1025,113.90988879207364,37.40838262843055
1045,113.97788685802276,40.003206387816064
1059,114.04588492397185,40.543794671021374
1046,113.97788685802276,40.489735842700846
1056,114.04588492397185,40.003206387816064
1197,114.4538733196665,40.27350052941872
1112,114.24987912181918,40.38161818605978
1044,113.97788685802276,39.40855927629022
1057,114.04588492397185,40.38161818605978
1091,114.18188105587006,40.59785349934191
1090,114.18188105587006,40.543794671021374
1074,114.11388298992097,40.543794671021374
1058,114.04588492397185,40.489735842700846
1139,114.31787718776829,40.43567701438031
1108,114.24987912181918,39.46261810461075
