scope,region,metric,eta,n,observed,mean,p025,p975,minimum,maximum,p_ge,p_le
full,shanxi,C,,200,0.4969564740742232,0.3986594810810867,0.3903480943675583,0.40715286185811,0.38762855157921805,0.40970110353570194,0.004975124378109453,1.0
full,shanxi,Cw,,200,0.001719142877096268,0.0011303557166256896,0.0010412905954220698,0.00125595732022187,0.0010022512959333956,0.001372514477883964,0.004975124378109453,1.0
full,shanxi,Q,0.1,200,0.9713638876249205,0.9660900824681318,0.9618302881940394,0.9694247136201795,0.9597984741354847,0.9700155512291375,0.004975124378109453,1.0
full,shanxi,Q,0.5,200,0.9376287137768389,0.9222296213053889,0.916704838739797,0.9270307565962442,0.9098872214708551,0.9302521362137919,0.004975124378109453,1.0
full,shanxi,Q,1.0,200,0.9092015407588165,0.8905620091877515,0.8836463883465255,0.8970012817111224,0.8725483226186466,0.8995560006209092,0.004975124378109453,1.0
full,shanxi,Q,1.5,200,0.8870197804412459,0.867361985864987,0.8592963555658866,0.8753730784001139,0.8465062548518831,0.8783179098259575,0.004975124378109453,1.0
full,shanxi,Q,2.0,200,0.8687298704720358,0.8477275086236128,0.8383176483066177,0.8574486159512117,0.8267243522880035,0.8598785986922519,0.004975124378109453,1.0
full,shanxi,Q,3.0,200,0.8364315561397089,0.814134226047708,0.8015898771169787,0.8239277993025378,0.7915772167220588,0.8296949640354621,0.004975124378109453,1.0
full,INGV,C,,200,0.36710297223602206,0.26458056851672745,0.25404188599885125,0.27692540321924136,0.24811252878377107,0.279158279553496,0.004975124378109453,1.0
full,INGV,Cw,,200,0.006517382516186942,0.0032007688781208366,0.00274514275146224,0.0039329103853839855,0.002684332364541417,0.004202062825492574,0.004975124378109453,1.0
full,INGV,Q,0.1,200,0.9952237486498942,0.9933261146574409,0.9926292249021991,0.993896531233944,0.9921165408589538,0.9941526883199467,0.004975124378109453,1.0
full,INGV,Q,0.5,200,0.985613221680323,0.9810324941182026,0.9796622077753493,0.9824938052488986,0.9786811076781867,0.9831869802734505,0.004975124378109453,1.0
full,INGV,Q,1.0,200,0.9759356576737058,0.9690782237055602,0.966699348127115,0.971453206728411,0.9647173506650825,0.971685366903675,0.004975124378109453,1.0
full,INGV,Q,1.5,200,0.967217999117065,0.9586717788705179,0.9552470090193309,0.9615157909649907,0.9529934416174156,0.9619470451210916,0.004975124378109453,1.0
full,INGV,Q,2.0,200,0.9591447275203558,0.9489413931775565,0.9450998542303417,0.952643670403285,0.942092551268044,0.9540493163538696,0.004975124378109453,1.0
full,INGV,Q,3.0,200,0.9435160375250644,0.9308758654053745,0.9258904808235382,0.9366103444856415,0.9211435603408451,0.9391368962032014,0.004975124378109453,1.0
full,chuandian,C,,200,0.4104973871351195,0.28461563179805005,0.27419443311562924,0.29628971590440584,0.2650777714409189,0.3022946998712776,0.004975124378109453,1.0
full,chuandian,Cw,,200,0.0042418110284263,0.0028842569105051743,0.002720445250815485,0.003060310238170858,0.002608628660223197,0.003184727331040117,0.004975124378109453,1.0
full,chuandian,Q,0.1,200,0.9960491406062555,0.9942903957221725,0.9935631961999178,0.9947601797029296,0.9932526230485593,0.9949848701521972,0.004975124378109453,1.0
full,chuandian,Q,0.5,200,0.9878096157059943,0.9842424883339261,0.9828514809662181,0.9853875043517399,0.982365479772968,0.9855304232810982,0.004975124378109453,1.0
full,chuandian,Q,1.0,200,0.9792253926922813,0.9741978594353341,0.972304171340475,0.9757267905557039,0.9719997367040847,0.9762621504830973,0.004975124378109453,1.0
full,chuandian,Q,1.5,200,0.9708701738988373,0.9649324947039009,0.962485794773365,0.9669225243742633,0.9621556167655556,0.9674364333810189,0.004975124378109453,1.0
full,chuandian,Q,2.0,200,0.9626138287479722,0.9560362856429288,0.9530298009916106,0.958468963767261,0.9525189449458002,0.9590579315597632,0.004975124378109453,1.0
full,chuandian,Q,3.0,200,0.9463014487380519,0.938916708972343,0.9351269196115057,0.9419666216873911,0.9332446266968052,0.9431162576243229,0.004975124378109453,1.0
full,southern_california,C,,200,0.47071575595580145,0.3796118527750831,0.37313471101115536,0.38599328565766816,0.370939980032113,0.39063817742808615,0.004975124378109453,1.0
full,southern_california,Cw,,200,0.0015524607391120243,0.000920420081953409,0.0008460183382015898,0.0012476460536436356,0.0008084434081010418,0.00128938007421431,0.004975124378109453,1.0
full,southern_california,Q,0.1,200,0.9878748102258419,0.9863067021626207,0.9852097525725146,0.9873482905485587,0.9847993700506802,0.9875695457895921,0.004975124378109453,1.0
full,southern_california,Q,0.5,200,0.9676602307506407,0.9648955845455669,0.9630362185704016,0.9666589406772811,0.9622877344990084,0.966997200460423,0.004975124378109453,1.0
full,southern_california,Q,1.0,200,0.9510427751228325,0.9467409466540126,0.9444914059879145,0.9488136608655929,0.9434114769654719,0.9489952589957394,0.004975124378109453,1.0
full,southern_california,Q,1.5,200,0.9369335292026898,0.9320920935540449,0.9293411016932824,0.9345618312703661,0.9287745406093293,0.9353958914679634,0.004975124378109453,1.0
full,southern_california,Q,2.0,200,0.9256860116145339,0.9200467564782339,0.9172480851127783,0.9227161477996141,0.9159217247524046,0.9237857819544596,0.004975124378109453,1.0
full,southern_california,Q,3.0,200,0.9064677219322873,0.8994615458015154,0.8959966944981435,0.9026162857233896,0.895290559642174,0.9039334970127144,0.004975124378109453,1.0
holdout,shanxi,C,,200,0.4631192501269167,0.36387102822094447,0.35506916807139255,0.3727661123284229,0.3520990486808554,0.3745226151869385,0.004975124378109453,1.0
holdout,shanxi,Cw,,200,0.0022536853389636246,0.001442927165363977,0.0013145098778277362,0.0015804572814143488,0.0012466959676554696,0.001794081532495274,0.004975124378109453,1.0
holdout,shanxi,Q,0.1,200,0.9637580649950594,0.957872688482087,0.9530244131516794,0.9617218508806669,0.9510126601571421,0.9625631474347487,0.004975124378109453,1.0
holdout,shanxi,retention,0.1,200,0.8611111111111112,0.92375,0.8333333333333334,1.0,0.8055555555555556,1.0,0.9054726368159204,0.527363184079602
holdout,shanxi,downstream_retention,0.1,200,0.8387096774193549,0.9114516129032257,0.8064516129032258,1.0,0.7741935483870968,1.0,0.9054726368159204,0.527363184079602
holdout,shanxi,Q,0.5,200,0.9280360310226557,0.9090892834119089,0.9011080860382465,0.9151456728009932,0.8990856456486238,0.919091677101553,0.004975124378109453,1.0
holdout,shanxi,retention,0.5,200,0.8055555555555556,0.8477777777777777,0.8055555555555556,0.8611111111111112,0.7777777777777778,1.0,0.9800995024875622,0.11442786069651742
holdout,shanxi,downstream_retention,0.5,200,0.7741935483870968,0.8232258064516128,0.7741935483870968,0.8387096774193549,0.7419354838709677,1.0,0.9800995024875622,0.11442786069651742
holdout,shanxi,Q,1.0,200,0.8965776926066259,0.8713989957724708,0.8620054845102775,0.88010714676513,0.8587780990307802,0.8818699315920633,0.004975124378109453,1.0
holdout,shanxi,retention,1.0,200,0.8055555555555556,0.8363888888888888,0.7777777777777778,0.8611111111111112,0.75,0.9722222222222222,0.9353233830845771,0.22388059701492538
holdout,shanxi,downstream_retention,1.0,200,0.7741935483870968,0.81,0.7419354838709677,0.8387096774193549,0.7096774193548387,0.967741935483871,0.9353233830845771,0.22388059701492538
holdout,shanxi,Q,1.5,200,0.8710579699712224,0.8433380893202308,0.831907422849772,0.8527899361420661,0.8282223544171622,0.85661769681244,0.004975124378109453,1.0
holdout,shanxi,retention,1.5,200,0.8055555555555556,0.8290277777777777,0.75,0.8611111111111112,0.7222222222222222,0.9444444444444444,0.900497512437811,0.32338308457711445
holdout,shanxi,downstream_retention,1.5,200,0.7741935483870968,0.8014516129032258,0.7096774193548387,0.8387096774193549,0.6774193548387096,0.9354838709677419,0.900497512437811,0.32338308457711445
holdout,shanxi,Q,2.0,200,0.8476654501137951,0.8196658525017928,0.8057656260950736,0.8307002005843169,0.8000873274088287,0.8360007969471039,0.004975124378109453,1.0
holdout,shanxi,retention,2.0,200,0.8055555555555556,0.8202777777777779,0.75,0.8611111111111112,0.7222222222222222,0.9444444444444444,0.835820895522388,0.4129353233830846
holdout,shanxi,downstream_retention,2.0,200,0.7741935483870968,0.7912903225806451,0.7096774193548387,0.8387096774193549,0.6774193548387096,0.9354838709677419,0.835820895522388,0.4129353233830846
holdout,shanxi,Q,3.0,200,0.8102716722187027,0.7801279177716443,0.7637404259538294,0.7939735672191679,0.7607043750038875,0.8029226130264905,0.004975124378109453,1.0
holdout,shanxi,retention,3.0,200,0.8055555555555556,0.8115277777777777,0.7493055555555556,0.8611111111111112,0.6944444444444444,0.9444444444444444,0.7562189054726368,0.48756218905472637
holdout,shanxi,downstream_retention,3.0,200,0.7741935483870968,0.7811290322580646,0.7088709677419356,0.8387096774193549,0.6451612903225806,0.9354838709677419,0.7562189054726368,0.48756218905472637
holdout,INGV,C,,200,0.3458447484630057,0.2655159597463893,0.25323971322139194,0.2786761103932475,0.2515837464186211,0.2823362223747293,0.004975124378109453,1.0
holdout,INGV,Cw,,200,0.006022523483790627,0.0031530322921527387,0.0026050971824939906,0.004110448760316252,0.0025304163555207346,0.004566994607778999,0.004975124378109453,1.0
holdout,INGV,Q,0.1,200,0.9951896838295516,0.99360793373993,0.9927638248698819,0.9942449216995459,0.9921787780385681,0.9943551390249572,0.004975124378109453,1.0
holdout,INGV,retention,0.1,200,1.0,0.9543859649122807,0.6491228070175439,1.0,0.6491228070175439,1.0,0.8706467661691543,1.0
holdout,INGV,downstream_retention,0.1,200,1.0,0.9490196078431373,0.6078431372549019,1.0,0.6078431372549019,1.0,0.8706467661691543,1.0
holdout,INGV,Q,0.5,200,0.9825872227308208,0.9778770703903757,0.9760518824189791,0.9795811709248885,0.9751375012889717,0.9803938183363068,0.004975124378109453,1.0
holdout,INGV,retention,0.5,200,1.0,0.8684210526315789,0.5087719298245614,1.0,0.3333333333333333,1.0,0.582089552238806,1.0
holdout,INGV,downstream_retention,0.5,200,1.0,0.8529411764705881,0.45098039215686275,1.0,0.2549019607843137,1.0,0.582089552238806,1.0
holdout,INGV,Q,1.0,200,0.9699632467432291,0.9627908495497857,0.9594600232204177,0.965666053005931,0.9588208502997448,0.9670422283538713,0.004975124378109453,1.0
holdout,INGV,retention,1.0,200,1.0,0.7775438596491229,0.3684210526315789,1.0,0.3333333333333333,1.0,0.36318407960199006,1.0
holdout,INGV,downstream_retention,1.0,200,1.0,0.7513725490196077,0.29411764705882354,1.0,0.2549019607843137,1.0,0.36318407960199006,1.0
holdout,INGV,Q,1.5,200,0.9589148321965437,0.9492415929874614,0.94479884243367,0.9530741024308078,0.9440100238850309,0.9542775854993564,0.004975124378109453,1.0
holdout,INGV,retention,1.5,200,1.0,0.7233333333333334,0.3684210526315789,1.0,0.3333333333333333,1.0,0.2537313432835821,1.0
holdout,INGV,downstream_retention,1.5,200,1.0,0.6907843137254901,0.29411764705882354,1.0,0.2549019607843137,1.0,0.2537313432835821,1.0
holdout,INGV,Q,2.0,200,0.9482884578693167,0.9365048601979692,0.930418594569473,0.941183119110945,0.9296731281548318,0.9423168703258965,0.004975124378109453,1.0
holdout,INGV,retention,2.0,200,1.0,0.703859649122807,0.3684210526315789,1.0,0.3333333333333333,1.0,0.23383084577114427,1.0
holdout,INGV,downstream_retention,2.0,200,1.0,0.6690196078431373,0.29411764705882354,1.0,0.2549019607843137,1.0,0.23383084577114427,1.0
holdout,INGV,Q,3.0,200,0.9271571192379408,0.9128838449162169,0.9045180598923375,0.9187001329979774,0.9029570060848047,0.920616788657668,0.004975124378109453,1.0
holdout,INGV,retention,3.0,200,1.0,0.6691228070175438,0.3675438596491228,1.0,0.3333333333333333,1.0,0.13432835820895522,1.0
holdout,INGV,downstream_retention,3.0,200,1.0,0.6301960784313725,0.2931372549019608,1.0,0.2549019607843137,1.0,0.13432835820895522,1.0
holdout,chuandian,C,,200,0.3999319031526084,0.2923868960188614,0.2803471810434685,0.3036656644542754,0.2762238038033805,0.30551638474565396,0.004975124378109453,1.0
holdout,chuandian,Cw,,200,0.0064868671004726765,0.004282600757867813,0.004048135048630118,0.0046102851109291266,0.003960974629643498,0.004918219819380952,0.004975124378109453,1.0
holdout,chuandian,Q,0.1,200,0.9959857102686587,0.9944647215227727,0.9937495080766284,0.9950065169193075,0.9931860094909533,0.995093265968607,0.004975124378109453,1.0
holdout,chuandian,retention,0.1,200,0.9443099273607748,0.9317796610169492,0.847457627118644,0.9975786924939467,0.7651331719128329,1.0,0.4427860696517413,0.6368159203980099
holdout,chuandian,downstream_retention,0.1,200,0.9429280397022333,0.9300868486352357,0.8436724565756824,0.9975186104218362,0.7593052109181141,1.0,0.4427860696517413,0.6368159203980099
holdout,chuandian,Q,0.5,200,0.986919595305003,0.983323783269745,0.9813616894879561,0.9846312573135975,0.9803723126018231,0.9847857636646138,0.004975124378109453,1.0
holdout,chuandian,retention,0.5,200,0.9200968523002422,0.9245883777239711,0.8304479418886198,0.9878934624697336,0.7530266343825666,0.9975786924939467,0.6666666666666666,0.572139303482587
holdout,chuandian,downstream_retention,0.5,200,0.9181141439205955,0.9227171215880893,0.8262406947890819,0.9875930521091811,0.7468982630272953,0.9975186104218362,0.6666666666666666,0.572139303482587
holdout,chuandian,Q,1.0,200,0.9765828159209773,0.9715130777401998,0.9688133758054518,0.9733257465857988,0.9675992551454401,0.9740595692390651,0.004975124378109453,1.0
holdout,chuandian,retention,1.0,200,0.9200968523002422,0.9187530266343826,0.8274818401937046,0.9733656174334141,0.7578692493946732,0.9878934624697336,0.6069651741293532,0.6417910447761194
holdout,chuandian,downstream_retention,1.0,200,0.9181141439205955,0.9167369727047147,0.8232009925558312,0.9727047146401985,0.7518610421836228,0.9875930521091811,0.6069651741293532,0.6417910447761194
holdout,chuandian,Q,1.5,200,0.9665615632816736,0.9603871288023816,0.9572226646012091,0.9630359431964116,0.9553988262188855,0.9638745861193738,0.004975124378109453,1.0
holdout,chuandian,retention,1.5,200,0.9200968523002422,0.9164406779661017,0.8204600484261502,0.9733656174334141,0.7723970944309927,0.9830508474576272,0.6069651741293532,0.7014925373134329
holdout,chuandian,downstream_retention,1.5,200,0.9181141439205955,0.9143672456575682,0.8160049627791564,0.9727047146401985,0.7667493796526055,0.9826302729528535,0.6069651741293532,0.7014925373134329
holdout,chuandian,Q,2.0,200,0.956599602819429,0.9497001975000512,0.9459311012653463,0.9531265784348766,0.9435873206170956,0.9542266580187259,0.004975124378109453,1.0
holdout,chuandian,retention,2.0,200,0.9200968523002422,0.9142372881355932,0.8280871670702179,0.9733656174334141,0.7530266343825666,0.9830508474576272,0.5771144278606966,0.7164179104477612
holdout,chuandian,downstream_retention,2.0,200,0.9181141439205955,0.9121091811414394,0.8238213399503722,0.9727047146401985,0.7468982630272953,0.9826302729528535,0.5771144278606966,0.7164179104477612
holdout,chuandian,Q,3.0,200,0.936758690568698,0.9288811417066296,0.9238493087843085,0.9331903114179655,0.9210517660706307,0.9356858272568129,0.004975124378109453,1.0
holdout,chuandian,retention,3.0,200,0.9200968523002422,0.9078208232445522,0.8013922518159806,0.9733656174334141,0.7530266343825666,0.9830508474576272,0.5174129353233831,0.7860696517412935
holdout,chuandian,downstream_retention,3.0,200,0.9181141439205955,0.9055334987593052,0.7964640198511166,0.9727047146401985,0.7468982630272953,0.9826302729528535,0.5174129353233831,0.7860696517412935
holdout,southern_california,C,,200,0.4580886944419383,0.3789165512022788,0.3722609159125321,0.38649635169447166,0.36767480528218405,0.38949382097052804,0.004975124378109453,1.0
holdout,southern_california,Cw,,200,0.0015976328316688407,0.0010709278500475707,0.0008104277244734092,0.0013258166532161436,0.000777953519810422,0.0013578562644100468,0.004975124378109453,1.0
holdout,southern_california,Q,0.1,200,0.9857241880952808,0.9836927779771569,0.9824696924425032,0.9847358312940998,0.982049012892005,0.9851207718801961,0.004975124378109453,1.0
holdout,southern_california,retention,0.1,200,0.9936724263811146,0.9426977366755901,0.6560294475541494,0.9941591628133366,0.47189097103918226,0.9941591628133366,0.5771144278606966,0.6766169154228856
holdout,southern_california,downstream_retention,0.1,200,0.9936585365853658,0.9425719512195121,0.6552743902439024,0.9941463414634146,0.47073170731707314,0.9941463414634146,0.5771144278606966,0.6766169154228856
holdout,southern_california,Q,0.5,200,0.9631056902884984,0.9587914174433019,0.9568101136766413,0.9607324571413998,0.9563228762576612,0.9618671113354212,0.004975124378109453,1.0
holdout,southern_california,retention,0.5,200,0.9936724263811146,0.8818994889267461,0.5699683621319056,0.9941591628133366,0.43100511073253833,0.9941591628133366,0.09950248756218906,0.945273631840796
holdout,southern_california,downstream_retention,0.5,200,0.9936585365853658,0.881640243902439,0.5690243902439024,0.9941463414634146,0.4297560975609756,0.9941463414634146,0.09950248756218906,0.945273631840796
holdout,southern_california,Q,1.0,200,0.944300868906028,0.9382005444222312,0.9356269429664213,0.9406535886147157,0.9347489631330116,0.9421122562501966,0.004975124378109453,1.0
holdout,southern_california,retention,1.0,200,0.7731808225845704,0.840995376003894,0.5008152835239718,0.9936724263811146,0.42978826965198347,0.9939157945972256,0.8208955223880597,0.19402985074626866
holdout,southern_california,downstream_retention,1.0,200,0.7726829268292683,0.8406463414634147,0.49971951219512195,0.9936585365853658,0.42853658536585365,0.9939024390243902,0.8208955223880597,0.19402985074626866
holdout,southern_california,Q,1.5,200,0.9289701714019544,0.9227122262088827,0.9193329762350126,0.9255326188226657,0.9182710381521694,0.9281455085907875,0.004975124378109453,1.0
holdout,southern_california,retention,1.5,200,0.7731808225845704,0.8338476514967147,0.5176563640788513,0.9929544901435873,0.404234606960331,0.9936724263811146,0.8308457711442786,0.19402985074626866
holdout,southern_california,downstream_retention,1.5,200,0.7726829268292683,0.8334829268292683,0.5165975609756098,0.992939024390244,0.4029268292682927,0.9936585365853658,0.8308457711442786,0.19402985074626866
holdout,southern_california,Q,2.0,200,0.916629221477687,0.9103441132485608,0.9066245103188102,0.913161433562573,0.9049976440670484,0.9157510829111283,0.004975124378109453,1.0
holdout,southern_california,retention,2.0,200,0.8126064735945485,0.8006412752494524,0.43100511073253833,0.9924616695059626,0.28157702604039914,0.9936724263811146,0.6716417910447762,0.3383084577114428
holdout,southern_california,downstream_retention,2.0,200,0.8121951219512196,0.8002036585365854,0.4297560975609756,0.9924451219512195,0.28,0.9936585365853658,0.6716417910447762,0.3383084577114428
holdout,southern_california,Q,3.0,200,0.8967615258637864,0.8889676825822841,0.8845311012058721,0.8928592808049854,0.8828021651468795,0.8943838147596382,0.004975124378109453,1.0
holdout,southern_california,retention,3.0,200,0.8126064735945485,0.759699440253103,0.43099902652713556,0.9922122170844487,0.28157702604039914,0.9934290581650036,0.48258706467661694,0.5223880597014925
holdout,southern_california,downstream_retention,3.0,200,0.8121951219512196,0.7591719512195121,0.42975,0.9921951219512195,0.28,0.9934146341463415,0.48258706467661694,0.5223880597014925
