source,target,weight
1766,2994,0.004914225894026458
1766,4416,0.0007156738306548505
1766,4417,3.1099215145028815e-05
1984,2183,0.5909005701541901
1984,2806,0.00045774429842519265
2129,2130,0.009805639099795371
2129,2131,0.0054486425803285474
2129,2538,0.0007670067147807677
2130,2131,0.01613837806507945
2131,2529,0.060330470403035484
2131,2538,0.0005112883127821987
2131,2542,0.08330796579582511
2183,2184,0.019137751311063766
2524,2525,0.3132362069930726
2524,2728,0.007022875381759755
2524,2526,0.002471951129791705
2524,2727,0.0019306702306494117
2524,2927,0.00016895655780250048
2524,3131,2.3336524381715633e-05
2524,3339,0.0004315960874753893
2524,3340,0.0005976632525940576
2525,2526,0.0016506012434547301
2525,2728,0.0100624295543336
2525,3339,0.00027973685825021346
2525,3340,0.00033702479045545755
2526,2529,0.11336247647705022
2526,2531,0.0006461636367021129
2526,2728,0.0035142210081176017
2529,2531,0.007473999452486169
2529,2542,0.0023406480128566423
2529,2927,0.0005603720171458397
2529,3131,0.0001028843788738394
2529,3132,0.0009945127842961989
2529,4557,0.0003045726269400954
2531,3131,6.576908633197741e-05
2531,3963,0.0005958115125395125
2534,3762,0.000568334894653942
2536,6627,0.00012693391933377523
2537,2538,0.0012749359710142016
2537,2539,0.0003910515588358976
2537,3762,0.0006866487409362369
2538,2539,0.18901058753118768
2538,3762,0.00032720574489327907
2538,4162,0.0015370084644317217
2539,3762,0.0015722272953661378
2725,2929,0.008668549366816011
2725,3338,0.0024956925481092185
2725,2726,0.005594958084373047
2725,3131,2.8917794486089853e-05
2725,3326,0.007687466645932678
2726,2727,0.007235609460622072
2726,2929,0.00025030116012203507
2726,3131,4.6316515065282534e-05
2726,3339,0.00011774627505060793
2726,3743,0.00018414996036834706
2727,2728,0.006866707932204008
2727,3541,0.002046605687384932
2727,3133,0.0003883005742864043
2727,3339,0.00013133552205214403
2728,3341,0.0003346973893106527
2728,3131,3.010975985170204e-05
2728,3541,0.0001196070102196245
2773,3590,0.012787338346242905
2806,2807,0.0011167952456917856
2806,3008,0.008433830885527035
2806,3010,0.056346768125270806
2926,2927,0.033311877353499074
2926,3128,0.006114893093088369
2926,3129,0.0011665415901613112
2926,3130,0.102368370010178
2926,3131,0.020261761537574842
2926,3132,0.004734225196911111
2926,3133,0.0005271696253809447
2926,3334,0.008580890885687755
2926,3539,0.000342724701113184
2927,2928,0.008865492000560542
2927,2929,0.0009543486099582919
2927,3128,0.00042331988015575917
2927,3129,0.0002996993919493564
2927,3130,0.043071828954810785
2927,3131,0.09793954743708051
2927,3132,0.028387858979050138
2927,3133,0.0008926531374007547
2927,3334,0.0017742351976311765
2927,3540,0.0001863193278300709
2927,3539,0.0004104914395763141
2928,3130,0.003114431371068349
2928,3131,0.01955911850333731
2928,3132,0.27117642093516126
2928,2929,0.05602265003047554
2928,3133,0.0003043988035642542
2929,3131,0.02453463388741612
2929,3132,0.023288762979294435
2929,3133,0.26575452059645005
2929,3540,0.001278195401520558
2929,3128,0.0018861503750889242
2929,3130,0.000905784285964728
2929,3334,0.00022390310250117388
2929,3541,0.00010204818721248898
2929,3542,0.00029669171719248766
2994,4416,0.0006468117391588051
2994,4417,3.466182517539383e-05
2994,4422,0.00022967519519543115
3010,3828,0.9023032188415527
3013,3218,0.5820940396996237
3013,3422,0.016561623681439874
3013,3424,0.02659224160015583
3122,3326,0.0021657602628692985
3122,3131,3.167142961288807e-05
3122,3742,0.000567096316444804
3128,3129,0.026273206308542286
3128,3131,0.003022312289013299
3128,3132,0.0005213943718294879
3128,3330,0.00046910148521419617
3128,3332,0.006112467177445069
3128,3333,0.004391981467051664
3128,3334,0.0008315899678990729
3128,3130,0.002833758354214903
3129,3333,0.001399331769789569
3129,3540,0.0030831596814095974
3129,3130,0.0040182384681732705
3129,3131,0.0013055530235721968
3129,3132,0.0001291362890090871
3129,3334,0.0007507625973980444
3129,3542,0.0004627272315538278
3130,3131,0.3838502764681725
3130,3132,0.0807641073105717
3130,3133,0.00484981559939115
3130,3332,0.00010250136025812632
3130,3333,0.0015925805094108606
3130,3334,0.34333626966434144
3130,3539,0.013264704397442983
3130,3540,0.0017902395765607556
3130,3541,7.608875467873649e-05
3130,3542,0.0001976548230345543
3130,3742,0.00014659771216732527
3130,4558,0.0014961314179042045
3130,4747,0.0003003912920314396
3131,3132,0.5747343162762735
3131,3133,0.01535809430975354
3131,3330,4.877737164667664e-05
3131,3332,5.115418685392719e-05
3131,3333,0.000939183535941064
3131,3334,0.2171841892888285
3131,3338,4.291109835660191e-05
3131,3340,0.00022284208302977327
3131,3341,6.967265973794093e-05
3131,3539,0.25335927082758175
3131,3540,0.03765241548555385
3131,3541,0.0003165784141090798
3131,3542,0.0003816912991771673
3131,3735,2.3314514259026663e-05
3131,3742,0.00018913139274445712
3131,3743,4.7123949825467114e-05
3131,3944,3.243749540615681e-05
3131,3963,0.00023820716813695091
3131,4357,5.051181754788531e-05
3131,4397,3.7397122560890996e-05
3131,4558,0.0009591646398513013
3131,4559,2.785097503421242e-05
3131,4747,0.00043535395824918923
3131,3339,0.0001831084026222966
3132,3133,0.027929858319048942
3132,3333,0.00017527735104118215
3132,3334,0.03447355991212444
3132,3338,0.0002109879084047053
3132,3340,0.001081713803361996
3132,3539,0.029723382936329774
3132,3540,0.009770092543729132
3132,3541,0.0006553210152969963
3132,3542,0.0003144504104536989
3132,4558,0.00042703531714020454
3132,4747,0.0001141018968095548
3132,3339,0.00021538384167094839
3133,3338,0.004191188261756906
3133,3540,0.059501572976842
3133,3541,0.002514265566927614
3133,3542,0.0009795627464086465
3133,3334,0.00142262525831099
3133,3339,0.0005185705165124753
3133,3340,0.00011806159599555858
3133,3539,0.003030012516925732
3218,3422,0.00031738779840192625
3218,3424,0.2560642541962666
3218,3836,0.0007736801457472861
3326,3735,0.00017287302479316067
3330,3740,0.028037358005780343
3330,3943,0.46069473028182983
3330,4352,0.0007718991837464273
3330,4557,0.0012341585763806506
3332,3333,0.0060341437347233295
3332,3334,4.598255002117814e-05
3333,3740,0.0012514986399576758
3333,3334,0.0011527109572153466
3333,3539,0.00045292423965292983
3333,3742,0.0017311157110574034
3333,3743,0.00026839548405778495
3334,3539,0.0696464340527471
3334,3540,0.0011743851947585426
3334,3541,5.213128336535255e-05
3334,3542,9.835565011957652e-05
3334,3742,0.0022391828448824424
3334,3963,6.039702054749796e-05
3334,4357,0.00035252295057850683
3334,4558,0.0007003739235467667
3334,4747,9.999673873461985e-05
3334,3339,0.00020282604013485442
3334,3340,0.0002671385861848886
3338,3339,0.004573977602624588
3338,3340,0.0005307845701529666
3338,3541,0.0004087972759710586
3338,3542,0.000466576848339173
3338,3743,0.00013794578299917377
3339,3340,0.4281666834927943
3339,3341,0.00020354248425230088
3339,3541,0.0007568533975048925
3339,4357,0.0003850765577488313
3339,4563,9.607051337793978e-05
3339,7020,0.003117657239101347
3339,3542,0.0003115199609927122
3340,3341,0.0014777278816051217
3340,3541,0.00025122499054541715
3340,4357,0.0006899753508357681
3340,4563,0.00011459112176287982
3340,7020,0.0007592276880727731
3340,7222,0.00010814436698404453
3340,3542,0.0006506055124076426
3341,4567,0.0006594246633540024
3341,3542,0.0005890144657314522
3422,3828,0.0033416312653571367
3424,3836,0.0027537059504538774
3539,3540,0.013985183759359643
3540,3541,0.0011243670521554616
3540,3542,0.009112624712699358
3541,3542,0.006880356858283985
3541,3740,0.0005678234057451335
3541,3743,0.0011695255088898593
3541,4357,0.006075432975973118
3541,4559,0.0001183633247486271
3541,3742,0.001987645447318868
3542,4357,0.006603828677784793
3542,4563,0.07154055461614917
3542,4562,0.0016150380251929164
3542,4767,0.002180070834583603
3590,5020,0.001527166343294084
3735,4348,0.003605131648429152
3735,4549,0.0019433936995735873
3735,4972,0.0001553490968234033
3740,3742,0.10548045121885151
3740,3944,0.09811696963879513
3740,4352,0.002709737625312161
3740,4555,0.00016264016300640604
3740,5784,0.0035797516417293957
3740,3943,0.7698192540753723
3740,4557,0.00022240240524100106
3740,6191,0.0008381395600736141
3742,3743,0.0024861242150743534
3742,4357,0.00035759006945264754
3742,3943,0.0021087076966068707
3742,4352,0.004212016847304767
3742,4557,0.0002797125953293289
3743,3944,7.849360830592699e-05
3743,4162,2.8293346143725965e-05
3743,4357,0.012034870853807255
3743,4559,6.756827750850839e-05
3743,4560,0.00010215931184248826
3743,4562,2.5783732920759714e-05
3743,4563,0.00013966086659750616
3762,4166,0.01010370664380389
3762,4369,0.00021835980959121758
3765,6008,0.00010658475146385626
3765,9874,0.0005164806093806416
3768,5806,0.0015308572079188057
3835,4041,0.01015838049352169
3836,4041,0.08750372380018234
3929,4133,0.0159798954821658
3929,4339,0.002731012971707969
3929,4545,0.00013057550992045391
3929,5139,0.00023679751405979166
3943,4352,0.009369835359393619
3943,4557,0.0003334555464486281
3944,4559,0.0017069271034415578
3963,4165,0.0006282114336499944
3963,4167,0.006343453656882048
3993,4397,0.0017737549496814609
4126,4737,0.0022196385217329506
4126,4331,0.00130627176258713
4126,4738,0.00032994157954817637
4127,4541,0.008837712801323505
4127,4737,0.0016445449686476163
4127,5140,0.00048043252900242805
4133,4951,0.003531496737925737
4133,5357,0.001820536752290991
4162,4563,0.0018963798647746444
4162,4369,0.0003720304565831611
4165,4369,0.0041352842102241995
4166,4369,0.19903271803068492
4167,4369,0.0014632534562224464
4331,4738,0.027225768816424533
4331,4737,0.0005314867921697441
4339,4545,0.004222435396599167
4339,4747,0.0009229452916770242
4348,4560,0.00027800288934543005
4352,4558,0.11718520941212773
4352,4559,0.0017854810666833032
4352,4557,0.07370823745926221
4357,4559,0.007131073058406522
4357,4560,0.03886596008165749
4357,4562,0.00250857739856869
4357,4563,0.0002195182889863645
4357,4972,0.00012978467562163587
4357,6802,0.0003133497732725754
4369,4571,0.006926470940362961
4416,4417,1.2010831158219133
4416,4418,0.3414118098169183
4416,4619,1.204893186571199
4416,5239,0.003007444156537531
4416,5248,0.006275447565712966
4416,5436,0.0006488691560662119
4416,5437,0.5537338377835113
4416,16243,0.0011469296290442799
4417,4418,0.46150251988734536
4417,4619,0.25719284224274325
4417,5239,0.000311725480946151
4417,5248,0.0007754855081050968
4417,5436,0.00011385401116734638
4417,5437,0.1807084403374537
4418,4619,0.027868800438441463
4418,5239,0.0002579519300175329
4418,5248,0.0002170883691668188
4418,5437,0.08331388694981061
4421,4422,0.08029881897300584
4531,4734,0.0070756796703790314
4531,4738,0.3606661806743432
4531,4937,0.004296496976166964
4531,5141,0.0013875842560082674
4531,4737,0.00042086841338979345
4541,4747,0.015310295350239755
4541,4746,0.006323983892798424
4551,4752,0.04270043574797455
4555,5772,0.000795452666352503
4557,4558,0.1233073368978997
4557,4559,0.0007875629034674129
4558,4559,0.0035163359177126097
4559,4560,0.25628584338129795
4559,4771,0.0001649050709845921
4559,4562,0.0019255998697644827
4559,4767,0.0005582937481278805
4559,4972,0.0007100354619886673
4562,4569,0.002506088698282838
4562,4767,0.12388475518673658
4562,4768,0.01116994023323059
4562,4972,0.003074178588576615
4567,4569,0.0005452357581816614
4567,4771,0.0019495373890094925
4567,4972,0.0011071675035054795
4567,6191,0.004118269281406128
4567,6616,5.031734472460414e-05
4567,6818,1.5201406569476732e-05
4569,4771,0.0013721473515033722
4569,4571,0.0004869457819343855
4571,6008,0.0002520111063774447
4612,5020,0.0010386662324890494
4612,5021,0.04038042202591896
4617,5021,0.0023585811723023653
4617,5024,0.003497750498354435
4617,5434,0.0033039201516658068
4617,6854,0.0004058128562670997
4619,5239,0.0001461576238608149
4619,5248,0.00022884339677357973
4619,5431,2.0279525826411442e-05
4619,5436,0.003076971200243861
4619,5437,0.22123452095410948
4619,6652,2.8625081083682575e-05
4663,5073,0.002053784430245287
4663,12211,0.0010007898090407252
4734,4937,0.000974235222201969
4737,4738,0.031109393629900846
4737,4941,0.0034820479855365454
4738,4937,0.0003165709018503549
4738,4941,0.008661646627660956
4738,5141,0.0002735822450631531
4743,4948,0.001445234753191471
4743,5153,0.002504571037136749
4746,4747,0.32793708611279726
4746,4748,0.0030797827057540417
4747,4748,0.8355982527136803
4767,4768,0.0771005554900815
4767,4972,0.01315338269341737
4767,4973,0.0021473118977155536
4768,4972,0.009104723945104828
4768,4973,0.005295263642134766
4771,4972,0.0007975211556185968
4771,4973,0.0022178594954311848
4771,6616,0.00035236952587069936
4771,6818,0.00012388420726969804
4800,5021,0.01088317483663559
4800,10520,0.02275916561484337
4860,5060,0.0009759899461641907
4860,5061,0.0013735179738432635
4860,5875,0.000261691256037011
4860,6083,0.002306326379857637
4860,6084,0.005762117791972641
4937,5139,0.004709022562778387
4937,5141,0.003528060780809028
4937,5140,0.001348484850799044
4937,5343,0.00048284348334467114
4948,5153,0.0015468628125745454
4951,5153,0.0254520303179695
4951,5357,0.06887718103826046
4972,4973,0.02259579417295754
5020,5021,0.03208867087960243
5021,5024,0.005628608167171478
5021,5434,0.001980152097530663
5024,6037,0.0016511983703821898
5024,5434,0.0019400515011511743
5060,5061,0.7662704099072073
5060,5875,0.3227728419616511
5060,6084,0.00027878899418283255
5061,6084,0.0015648617888481475
5061,5875,0.030440816285720727
5061,6083,0.0015210815527150422
5131,5538,0.001286073587834835
5131,5743,0.002946290420368314
5139,5140,0.002932882920251561
5139,5141,0.011283812506873245
5139,5343,0.021974172236393013
5139,5344,0.01095536702741779
5139,5749,0.003332432873927852
5139,5751,0.0001829466006408135
5140,5344,0.001244095473149779
5141,5344,0.004116016905754805
5141,5751,0.001044379430823028
5153,5357,0.014704874582093908
5203,5405,0.016448460519313812
5203,6627,0.0002155539298352475
5203,6832,0.0009221301442526705
5203,13826,4.054743715994412e-05
5239,5437,0.00043402392078529704
5240,6262,0.0030817058868706226
5248,5437,0.00037812335424612024
5248,6477,0.0076327454298734665
5248,6478,0.005170430056750774
5248,6679,0.0003911673056791187
5254,6088,0.0027765901759266853
5283,5284,0.8065240536176134
5343,5344,0.0021582597892120248
5343,5749,0.01510683419473935
5343,5751,0.0005114416805251191
5343,6155,0.001165256757910053
5343,6980,0.0008882441355690199
5344,5751,0.02028508996590972
5405,6627,0.00011532371475671728
5405,6832,0.000112369542486184
5431,5436,0.023807151878827426
5434,5435,0.004794209125066118
5436,5437,0.003142590514802247
5437,6478,0.0002986362290713564
5538,5742,0.15580819448223338
5538,5743,0.002685546554857865
5538,5947,0.001228742715198905
5538,6151,0.002552629329017009
5538,6152,0.011529740877449512
5538,6155,0.0025899012107402086
5538,6557,0.014528626939863898
5606,5810,0.4600830240815412
5636,5836,0.00034503391361795366
5636,5838,0.024645112454891205
5684,6087,0.0012760590761899948
5684,6083,0.001783812472331192
5684,6088,0.0027064383029937744
5685,5686,0.33223424387824707
5742,5947,0.002325123790797079
5742,6151,0.0013943673111498356
5743,5947,0.17575963071669776
5743,6152,0.0010169846646022052
5743,8596,6.917122247216412e-05
5784,6191,0.008709072955412012
5784,5987,0.055548496544361115
5806,5807,0.007221814535377307
5806,6008,0.010445910598919184
5806,6210,0.0004241877306460373
5806,6212,0.06646461419465292
5806,6414,0.02855684608221054
5807,6008,0.0007357513530505139
5807,6011,0.7986160813379684
5807,6012,0.3632744762580842
5807,6216,0.007114562935385038
5807,5808,0.012371025572065264
5807,5810,0.0005431413351288938
5809,5810,0.6633425365257288
5810,6013,0.0030467285541817546
5810,6014,0.005250644986517727
5836,5838,0.002502582297893241
5836,6652,0.2497251917125185
5838,6652,0.0012086006358913437
5870,5871,0.04326125606894493
5870,6083,0.0001778499223291874
5871,5875,0.002147878520190716
5883,6086,0.0009408191708644154
5883,6087,0.001651106846111361
5883,6290,0.38402047660929384
5883,6496,0.011756595871702302
5885,5886,1.8119469384352367
5947,6151,0.2516170050621369
5947,7782,0.0008935477618461363
5947,6152,0.10079284358900509
5987,6191,0.003746860105721339
6008,6009,0.0003543480912385384
6008,6010,0.012291057666118377
6008,6210,0.22734437469771596
6008,6212,0.00021291895267683963
6008,7031,0.00016236788214030184
6008,7636,0.0004411076263011182
6008,6011,0.0007743918794016601
6008,6211,0.0005054905695558096
6008,6216,0.0006980054817484853
6008,6420,0.003320047787349797
6008,6616,3.2824171999191565e-05
6009,6212,0.0023821711197484774
6009,6616,0.00026073800041535
6009,6624,0.0005213651527536481
6009,6818,3.655569196317793e-05
6010,6011,0.0010761433222796768
6010,6210,0.00019120373350520631
6010,6216,0.00043799422710435467
6010,6420,0.02359476671287363
6011,6012,0.06964632372061412
6011,6216,0.6294715230683892
6011,6420,0.0048164466958972975
6011,6013,0.003077032303025362
6011,6217,0.0005863726653941489
6012,6216,0.03813584209274268
6013,6014,0.9429649114608765
6013,6216,0.4028602915202839
6013,6217,0.006403982755728066
6013,6421,0.007352749817073345
6014,6216,0.020375462441833747
6015,6420,8.922743650146004e-05
6015,6626,0.00948723137844354
6015,6627,0.00020520082786485244
6037,6038,0.0016688625328242779
6038,6652,0.0001701814053376438
6083,6084,0.5717344266380426
6083,6085,0.00021960839221719653
6083,6087,0.000852006173454356
6084,6085,0.0022984236970336903
6084,6087,0.0010694421879533264
6085,6086,0.0010585159761831164
6085,6087,0.0005196861675358377
6085,6290,0.0006063287728466094
6086,6087,0.04222307726740837
6086,6088,0.048353228718042374
6086,6290,0.0005122586080688052
6087,6088,0.2146882489323616
6087,6290,0.0007972442981554195
6088,6496,0.0019109974382445216
6095,6096,0.91265869140625
6095,6097,0.001361108268611133
6095,6299,0.0007526183035224676
6095,7118,0.0005585782237176318
6097,6098,0.02930393470451236
6097,6099,0.1726122498512268
6097,7116,0.011139613307022955
6097,7117,0.016314409600757546
6097,7118,0.6828909126525105
6097,6299,0.005670933234796394
6098,7116,0.05401355735646973
6098,7117,0.0012822510802834586
6098,7118,0.0034145166287089523
6099,6299,0.002134952519554645
6099,7117,0.0015766083233756945
6099,7118,0.03094792691990733
6151,6152,0.001628559167329513
6152,6155,0.0073514655232429504
6152,6356,0.006048018578439951
6152,6557,0.0020145908929407597
6183,6385,0.0006006924249959411
6183,6387,0.0018060288857668638
6191,6598,0.000740233976151572
6191,6599,0.0007532934214395937
6210,6212,7.388225297174469e-05
6210,6818,6.406114857235729e-05
6210,7635,0.0001574514960075727
6210,7636,0.00013993786354292656
6210,6211,0.0019996863399023637
6210,6413,0.0002930199329088043
6210,6616,6.651498157606624e-05
6211,6413,0.0009464660545296377
6211,6216,0.00020139016560278834
6211,6616,0.0006004800088703632
6212,6414,0.33330332811802776
6212,6616,0.0027870258845221272
6212,6624,0.0023342260440889127
6212,7029,0.0033290479217337556
6212,6420,0.00012951392729350087
6212,7026,0.0027581342081930416
6212,8459,0.0001227681393892796
6216,6217,0.003484016443133697
6216,6420,0.245238343068219
6216,6421,0.004382537263250441
6216,6616,0.002519436956947785
6216,6624,0.000481770413903367
6216,6627,0.007867893098951603
6216,6831,0.002797208363489734
6216,6832,0.001680611459520551
6216,8657,0.0003925811332837574
6217,6421,0.03738492547078446
6217,6420,0.04466919402281443
6217,6624,0.02067311419523321
6217,6831,0.0005940798403116787
6226,6429,0.005317458417266607
6226,6634,0.0019956082105636597
6290,6493,0.1106354461517185
6290,6496,0.101862115363474
6299,7116,0.007666995334147941
6299,7118,0.2034233738956317
6385,6387,0.013015829143114388
6385,6598,0.00032215736650869075
6413,6616,0.10015448567964562
6413,6617,0.00022497387044495554
6413,6818,0.0014202033229564308
6414,6616,0.0012231339771506464
6420,6421,0.10430897080038416
6420,6624,0.07085538398976635
6420,6625,9.540855074495388e-05
6420,6626,0.0005638781253765046
6420,7031,0.0007478745950114293
6420,6828,0.0011313836837697454
6421,6624,0.0035221376710978802
6421,6625,0.001708796015009284
6421,6626,0.000682030036841752
6421,6828,0.00021724179096054285
6429,6634,0.0013837579172104597
6438,7049,0.028522102162241936
6438,7664,0.0009275764787162188
6442,7248,0.0005109088572983941
6442,7667,0.0445282980799675
6442,8460,0.002308823193015996
6477,6478,1.0402424782514572
6477,6679,0.045970923674758524
6478,6679,0.0018692898865992902
6557,6757,0.0011947468350020547
6593,6598,0.0013339553909474944
6593,6802,0.0010800456184369978
6598,6802,0.001968933993379096
6616,6818,0.11536962597743163
6616,6819,0.9192380919275251
6616,7020,0.0020829507519943115
6616,7222,0.013641738549201338
6616,8248,0.0003288907099903149
6616,16462,3.9170115567907504e-05
6616,6627,9.076328083947503e-05
6616,7224,0.0008734134854834919
6616,8657,0.0006547981161686315
6617,6625,0.002455593552440405
6617,7026,0.003223355859518051
6617,7228,0.0045753223821520805
6625,6626,0.012797649949789047
6625,7031,0.0013966126134619117
6625,6627,0.0001064146733066688
6626,6627,0.000552309278161071
6626,6832,0.000118912624234976
6627,6831,0.18063589218757012
6627,6832,0.471863522216637
6627,7037,0.00013168753745655218
6627,7862,0.00010632197863600368
6627,8657,0.0003356986086847837
6652,6854,0.0007323062054638285
6652,7058,0.00113497198859136
6757,6758,0.32472242911656696
6757,6960,0.06974626367672061
6757,6961,0.001330728914278249
6818,6819,0.0001330479244947589
6818,7020,0.15357011813849003
6818,7222,0.015796163385920502
6818,7228,2.0740708068970747e-05
6818,8248,0.00011672307553607437
6818,8450,0.0001036641585529542
6818,10110,0.0005579011492227277
6828,6831,0.25264108242604555
6828,7031,0.0011179409472276802
6828,7036,0.0016039835754781961
6831,6832,0.3276721117193748
6831,7031,0.00027721523110812996
6831,7036,0.015990102663636208
6832,7037,0.00026385568889963906
6842,7047,0.0042414076160639524
6852,7055,0.0026358091563452035
6852,7058,0.004723262973129749
6852,7465,0.0014206370174747462
6852,9919,0.0010927623370662332
6852,6854,0.0015866670582909137
6854,7058,0.007023636159525874
6854,7258,0.0006662532881212732
6927,7130,0.33018618060931065
6927,7131,0.008728608316715736
6927,7135,0.0020486106513999403
6927,7338,0.0017712550761643797
6977,6978,0.001946973497979343
6977,6979,0.0014460069672038247
6978,6979,0.618721391978657
6978,6980,0.001311713133569962
6979,6980,0.0036601407574810957
6980,7188,0.0008461479577306363
7020,7222,0.039925856276089605
7026,7232,0.0027788167953985976
7026,7029,0.0025944875087589025
7026,7231,0.0003854474950154933
7026,8459,0.00016336375886775537
7029,7232,0.0014915800497874443
7029,8250,0.0006522210303501197
7029,7231,0.0011310578711345443
7031,8444,0.0006202723598107696
7031,8460,0.0005030961827515057
7037,7243,0.0016123938548844308
7047,7049,0.0006297759464359842
7047,7660,0.003460610518231988
7047,8065,0.004151025878400105
7047,7454,0.13591111468849704
7049,11551,1.4646764217025365e-05
7055,7058,0.0017058845623978414
7055,7258,0.004038201761431992
7055,7465,0.00035836458040908577
7055,7668,0.01319040940143168
7058,7465,0.0016763483290560544
7058,7668,0.0073981573805212975
7116,7118,0.010647111621473915
7116,7117,0.12031659088097513
7117,7118,0.2957015117309136
7118,7126,0.0005703524939235649
7118,7533,0.0003549077823663538
7130,7131,0.15851398984842338
7130,7135,0.0014410028234124184
7130,7333,1.2279693658153217
7131,7135,0.0031401459302287547
7131,7333,0.012529031779558863
7131,7541,0.34116926818605864
7131,7542,0.00027505433426995297
7131,7948,0.00031645458657294514
7131,7338,0.011022885795682669
7178,7180,0.07836603373289108
7178,9828,0.00015525096944202232
7178,9829,5.771952299727235e-05
7180,9829,4.959843477923574e-05
7188,7394,0.025782551782867813
7188,8596,0.00034969553040961425
7222,7223,0.001553835926064163
7222,7224,0.00011762008702217744
7222,7228,0.00017697236739877553
7224,7227,0.004572191586097081
7224,7836,0.0009695980540224506
7224,7837,0.006859587039798498
7224,8248,0.0032678960046143386
7224,8657,0.1824839059202835
7227,7228,0.006496718619018793
7227,8451,0.0026678305584937334
7227,7231,0.0019151658440629642
7227,8460,0.00046808455717837203
7228,7636,0.002027028938755393
7228,7231,0.0006664541482071703
7231,7232,0.010856073416713722
7231,7435,0.004428485310199903
7231,8460,0.00024678283455159544
7232,7435,0.027870149167029012
7232,8459,0.0002537890732354035
7243,7245,0.003679528492890919
7245,8665,0.0018431203469927715
7248,8460,0.08952406983972949
7248,8664,0.0053303196037788325
7248,8665,0.0010860862694652695
7248,8870,0.0031729499428152508
7248,9285,0.00033659443803912836
7258,7462,0.014135602861642838
7258,7667,0.0017775297164916992
7338,7541,0.0004243546281941235
7374,7375,0.021676825200756866
7374,7579,0.24068317218583007
7374,7581,9.27935805838942e-05
7374,7782,0.024648616116725936
7374,7783,0.001085637741671993
7375,7579,0.021796756889671087
7375,7782,0.0011327629569374646
7378,7581,0.08803299069404602
7378,9626,0.00029847605398695504
7394,7600,0.001473746937335818
7426,7628,0.0010305745527148247
7426,8038,0.0213705375790596
7453,7454,0.0043056863360106945
7453,8460,0.013375173804976048
7453,7861,0.0021555423736572266
7453,7862,0.0009367802122142166
7454,7660,0.0014006266719661653
7455,7660,0.003343310338095762
7455,7662,0.0009020016877911985
7455,7862,0.0005683882918674499
7455,8068,0.004390620340927853
7462,7668,0.0037161256186664104
7465,7668,0.870767642777147
7541,7948,0.0006223344050037364
7573,8187,0.0034131123684346676
7579,7581,0.0011794441132906286
7579,7782,0.027315906751027796
7579,7783,0.0014408005863515427
7581,7784,0.0008473272901028395
7581,7783,0.0024843379304826385
7627,8443,0.0013290592469274998
7627,8455,0.0016099545173346996
7627,8038,0.001023421180434525
7627,8240,0.001935160587891005
7628,8038,0.0013958992203697562
7628,8240,0.013217255473136902
7628,8241,0.029072223231196404
7628,8460,0.0026867363150813615
7635,7636,0.08557674288749695
7635,8248,0.0003945089071445788
7635,8250,0.019584143391022317
7635,8656,0.0008082754793576896
7635,8659,0.005201911088079214
7636,8248,0.0003549937343147273
7660,7862,0.0005845714404131286
7660,8068,0.0012838959373766556
7662,7867,0.019228670746088028
7662,8068,0.20004591345787048
7664,7867,0.0015193949220702052
7664,10107,0.0034983910154551268
7667,8460,0.0012261337375093716
7668,7871,0.0021034616511315107
7782,7783,0.02584424413119753
7782,7784,0.0010164482810068876
7782,8187,0.0005416703570517711
7782,8190,0.002007188585897287
7783,7784,0.00224965249071829
7783,8190,0.26610417483607307
7784,8187,0.0030833741184324026
7784,8596,0.0011134562082588673
7836,7837,0.005094882100820541
7861,7862,0.38102386362152174
7861,8065,0.0022700453797976174
7862,8065,0.0008053986477231471
7870,7871,0.00245729461312294
8026,8229,0.053842719877138734
8026,8228,0.003332443768158555
8038,8240,0.0008340284208922336
8038,8241,0.0011533775832504034
8117,8118,0.3150772452354431
8117,9573,0.0012549161911010742
8117,10559,3.762050619826596e-05
8179,9201,0.00957929167604965
8187,8596,0.000255941105903427
8190,8799,0.0033339194487780333
8190,8596,0.00014611451612533226
8228,8229,0.0012846422218934922
8228,8431,0.0019932905632202846
8229,8431,0.0031285907607525587
8240,8443,0.00034922466390222934
8240,8241,1.0083031931389996
8242,8444,0.014177230797940865
8248,8250,0.001996135155438175
8248,8453,0.19614941658316337
8248,8454,0.0007949971865552167
8248,8657,0.33063068973918536
8248,8658,0.00047730027775590617
8248,8660,0.0004830147372558713
8248,8452,0.007715252446359955
8250,8450,8.57787237971654e-05
8250,8656,0.0016079824628909898
8250,8659,0.035081771632226616
8250,8453,0.0007002397720658101
8250,8454,0.001240704770457235
8250,8459,0.00014012145012871395
8250,8657,0.0007883411220176948
8354,9167,0.0013971219304949045
8354,9168,0.0014237809227779508
8392,8594,0.007246102592034731
8392,8596,0.0003712357271676107
8429,8431,0.0016767799388617277
8443,8444,0.0038609585290139137
8444,9466,0.00311716555734165
8450,8656,0.0014840502408333123
8451,8460,0.00036376523621584056
8452,8453,1.2049478737608297
8452,8657,0.006511671701446176
8453,8454,0.003943447275863339
8453,8656,0.0012072390788186265
8453,8657,0.4277655585104109
8453,8658,0.0023989224331065393
8453,8660,0.0007611540204379708
8453,8863,0.00022099514183692345
8454,8455,0.002353464951738715
8454,8657,0.9792275231642028
8454,8658,0.17712168488651514
8454,8660,0.015406856196932495
8454,8863,0.0018630127178420608
8455,8456,0.9988530278205872
8455,8657,0.0007395076269555526
8455,8660,0.003986887575592846
8455,8863,0.005816460269367478
8458,8459,1.002470437040883
8458,8664,0.0015042024897411466
8458,8665,0.0014520687982439995
8459,8460,0.11283544637717109
8459,8659,0.00015483526969243636
8459,8664,0.05289873902748947
8459,8665,0.0014792236261200742
8459,8866,0.09036421698785431
8460,8660,0.0011872784461957053
8460,8664,0.38282308669093557
8460,8665,0.21321624307747697
8460,8667,0.0013041857560892821
8460,8870,0.1999775528907776
8460,9077,0.005525877777836285
8460,9078,0.00022918156294074178
8460,9079,0.0008935458360249757
8460,8666,0.0013985666854026135
8460,8866,0.0023542496485240427
8460,8869,0.001992561414237315
8594,8799,0.0011123370977088598
8596,8799,0.257938778524969
8596,9409,0.0007340798998787553
8596,10222,0.0001495820045536315
8596,11248,7.423523681672328e-05
8656,8659,0.0005888098967261612
8656,8657,0.012991791479483558
8656,8863,0.0007055457939107631
8657,8658,0.1701610634724299
8657,8660,0.013787039283973476
8657,8863,0.010248278344698806
8657,16834,0.0014440873910072356
8658,8660,0.005445076229079859
8658,8863,0.007574687817461623
8659,8660,0.003135483304504305
8659,8863,0.002317635480721947
8660,8863,0.0010110858291993985
8664,8665,0.019047200116195505
8664,9077,0.0005068732959140713
8664,8866,0.01638428547228739
8665,8666,0.0029702275435017356
8667,9079,0.0010817544999259798
8667,9077,0.001951998332515359
8700,8904,0.8288306642828956
8722,8925,0.007001553893530854
8799,8999,0.0004772736287122825
8799,9409,0.0004406421712701558
8813,10240,0.0006275969506023332
8863,9467,0.0006516382329664339
8863,9874,5.99616770292197e-05
8866,8869,0.7125449584751212
8866,9077,0.0002368586804853597
8866,10104,0.00032106206587438163
8870,9077,0.006221314426511526
8879,9084,0.012175399184343405
8886,9091,0.0030602640472352505
8886,10107,0.0007076971742208116
8886,10108,0.004661019775085151
8925,10559,4.02955222765641e-05
8925,13625,4.8731458744616816e-05
8925,13826,4.575421978650276e-05
8925,13827,3.0205435392451628e-05
8964,9168,0.03372449055314064
8993,9198,0.0007785700417752284
8999,9202,0.010710228234529495
8999,9407,0.0004791370884049684
8999,10425,0.01017346017761156
9077,9078,0.0041211757773371716
9078,9079,0.6677375719753753
9079,9285,0.001465930650909275
9084,9288,0.002304392815422792
9084,9695,0.005549552162165128
9091,9296,0.009461677633225918
9091,10108,0.0017618987476453185
9091,10318,0.0017391223694289693
9105,9511,0.00040610999087675737
9105,9918,0.00018984017185630364
9167,9168,0.04647861793637276
9167,9573,0.031658679246902466
9167,9574,0.0022560334764420986
9168,9573,0.0036691538989543915
9198,9200,0.0027609822573140264
9198,9201,0.0008003797702258453
9200,9201,0.004474190296605229
9200,9202,0.0010748724453151226
9200,10222,0.0016347782857337734
9201,9409,0.0017507287420812645
9201,9202,0.029572378611192107
9216,9420,0.006081682028404127
9216,10035,0.02319074955691273
9216,9421,0.006156941716675135
9216,9624,0.003083234798250345
9216,9626,0.0010941362312909912
9216,9627,0.0007057254895420639
9216,9828,0.0004478070173459618
9216,9829,0.0025710357661178104
9216,10239,0.0011099729781799683
9216,10645,0.000689404175360527
9222,9626,0.000137095359480958
9222,9829,0.0001713382212562235
9222,9831,0.0004149075261740925
9242,9243,0.013590823525286547
9243,10066,0.0023426999183584485
9285,9288,0.00038266343934149444
9285,9900,0.0001913068783020814
9285,9695,0.0015061169545587672
9288,10107,0.0007857454533374645
9288,9695,0.0005424363657056119
9288,9900,0.016631367164563926
9288,10108,0.0010063447103902945
9296,9908,0.0007093492183685157
9296,9907,0.006479742569050965
9296,11551,2.9259112666056208e-05
9328,10559,6.16772841866009e-05
9369,9573,0.0018541470635682344
9369,9777,0.0032604541338514537
9406,9815,0.0016349127981811762
9406,9407,0.0019823382754111663
9406,9612,0.005762596148997545
9407,9612,1.0226154650445096
9409,10226,0.0018200418974932593
9409,9420,0.0016086787218227983
9409,9612,0.0070433770306408405
9420,9623,0.0024636397401991417
9420,9421,0.010745964013040066
9420,9624,0.0028378525748848915
9420,9626,0.0014966216246345236
9420,9828,0.00036809928951697657
9420,9829,0.0010224096077527738
9420,9831,0.0025869570041062878
9421,9624,0.05141046270728111
9421,9626,0.0631431937975151
9421,9627,0.007387662735709455
9421,9829,0.8399991361423721
9421,9831,0.0017989813722945058
9421,9828,0.0021976078060106374
9434,9435,0.001912992913275957
9466,9873,0.021316044983298827
9466,9874,0.0002303867047572794
9467,9874,0.04418871728752142
9502,9707,0.0013079267228022218
9502,9912,0.0006861111178295687
9502,10117,0.00018639791798907227
9502,10318,0.0003047862844271419
9511,9918,0.005616716080113568
9511,10117,0.0004048698342429762
9573,9574,0.8986315131187439
9573,9776,0.01639845222234726
9573,10182,0.0038385342340916395
9573,10189,0.0012349247699603438
9582,9784,0.359776665980462
9623,10029,0.0005726748572669749
9623,10227,0.0009013296616444677
9623,9826,0.007295029205124592
9623,9829,0.00013554273942662366
9623,9831,0.00015813038527718554
9624,9626,0.08276618761849856
9624,9627,0.006359862600220367
9624,9828,0.012635992167664275
9624,9829,0.14643300674894513
9624,9831,0.0026755468067518606
9624,10443,0.0013753677885688376
9626,9627,0.08377008112739996
9626,9828,0.0023809667228004887
9626,9829,0.1805853704749676
9626,9831,0.3736002546737981
9626,10029,0.0001266445870366321
9626,10035,0.018300471095805845
9626,10239,0.0002818990377499257
9626,10240,0.002143359238592287
9626,10443,0.00044497553202897205
9626,10445,0.034939139359266846
9626,10452,0.0003019639182942531
9626,10644,0.0008765016051863009
9626,10645,0.0001928173502771339
9627,9829,0.02770462699371971
9627,9831,0.21618492650220134
9627,10035,0.0017610105148378353
9627,10239,0.000495830171095335
9627,10443,0.00028285724965826375
9627,10452,0.0016137348902702797
9627,9828,0.0014501423367600335
9627,10644,0.000836289676802456
9632,9634,0.04023825377225876
9632,9912,0.00039743026094285483
9695,10105,0.0006410451605916023
9695,10066,0.0015463478630408645
9707,9912,0.06550701474770904
9707,10117,0.0009515544127983352
9744,9947,0.17578775481788034
9744,10150,0.0015483903333313397
9744,10555,0.0008249525174808999
9744,10559,0.0011205743516914091
9776,10189,0.002691917819902301
9776,10589,0.002227677730843425
9777,10182,0.001528712804429233
9815,10222,0.00044470978173194453
9826,10029,0.0015782824096580346
9828,9829,0.45041535886769113
9828,9831,0.001430333595991387
9828,10029,0.0008987993002544196
9828,10035,0.0033154737558536004
9828,10231,0.00023664410603411548
9828,10239,0.0017425781220209435
9828,10240,0.007815507759611743
9828,10443,0.009805686144201298
9828,10445,0.00019759233085399805
9828,10452,0.0002068465015933422
9828,10643,0.0005650768525811145
9828,10644,0.30031323334085513
9828,10645,0.07609913934238577
9828,10646,0.0002975156420082688
9829,9831,0.14612993165383198
9829,10029,0.001301105208750852
9829,10035,0.10253521328784665
9829,10231,0.00017975331669546263
9829,10239,0.014332865648551317
9829,10240,0.03144285423439686
9829,10243,4.04483524663293e-05
9829,10443,0.13871335148532246
9829,10445,0.001177354500854293
9829,10452,0.0011191553635904307
9829,10643,0.0002747479665804012
9829,10644,0.11396482095820257
9829,10645,0.02918551125130593
9829,10646,0.0005849841932272453
9829,10852,0.00012775321207906623
9829,11254,5.237997056779831e-05
9829,11255,5.782445455477298e-05
9829,11463,3.928667121676376e-05
9829,11464,8.527075958759126e-05
9831,10029,0.0020653887586539505
9831,10035,0.04844535853803945
9831,10239,0.00042661487168922055
9831,10443,0.0006890244490672817
9831,10445,0.046665731393399516
9831,10452,0.000336090472826202
9831,11254,0.00027216831424462553
9831,11667,0.0003369297265690209
9831,10644,0.00047217013485348347
9874,10066,2.6309166760573895e-05
9874,10281,0.11675511909781017
9874,10484,7.187704757725018e-05
9874,10512,4.638481354341361e-05
9874,10891,0.0006770122313038121
9874,11298,3.787956526075716e-05
9900,10108,0.0005510194459930062
9900,10512,0.048179227858781815
9906,9907,0.0010824541079728078
9907,9908,0.009842230870769223
9907,9909,0.0008671346793175753
9907,10109,0.00025762859634899843
9907,10110,0.00046357001034872763
9907,10316,0.0020242263472027844
9907,10318,0.00017147706969110134
9907,11136,0.001116996695088801
9908,9909,0.011027063807584152
9908,10316,0.0009360050335089909
9912,9918,0.000845207616132863
9912,10117,0.20490587158315984
9912,10526,0.001833801760312781
9912,11551,1.4730794617441079e-05
9918,10117,0.0029368786512043383
9918,10121,0.004239808826241642
9918,10559,3.309639526406999e-05
9919,10122,0.08193467833484647
9919,10740,0.00017223051136294742
9919,11551,6.990216423063382e-05
9942,10352,0.0011400089715607464
9942,10559,8.308301243431515e-05
9942,11551,1.0936287943470808e-05
9947,10150,0.2259765434025448
9947,10352,9.720311417511143e-05
9947,10555,0.0006874338967183855
9947,10559,0.16909683197665953
9947,11993,0.000428305536458468
9952,10559,9.596002509361379e-05
10013,10014,0.0007912698729342083
10013,10422,0.00024072339806480159
10013,10425,0.0004547856067347311
10013,10426,0.00783823703136477
10014,10222,0.0004951291302859318
10014,10425,0.0009077158465515822
10028,10231,0.002578072395408526
10028,10029,0.00037489870252708596
10029,10434,0.002770900438690068
10029,10643,0.0021091903715083995
10029,10231,0.0007470696934130198
10035,10239,0.22710588761804465
10035,10240,0.0069743069682096205
10035,10443,0.002618473765617916
10035,10452,0.00029915068007539957
10035,10644,0.002694736764351546
10035,10645,0.0023492118472859145
10035,10445,0.22050959130715214
10066,10471,0.0006129367466201074
10066,11906,0.0540187870947193
10066,13346,0.0003914335595164668
10066,17003,0.00030923435829199875
10103,10308,0.0016539932112209499
10103,10105,0.0012843907315982506
10103,10512,0.0023911702446639538
10104,10105,0.11905813962221146
10105,10717,0.0016595878405496478
10107,10108,0.020700412802398205
10107,11741,0.00960323860635981
10108,10109,0.00537786353379488
10109,10110,0.008267174242064357
10110,10316,0.0035330975054724454
10110,19909,3.573863126040476e-05
10117,10322,0.0003080067989584576
10117,10526,0.10886812396908378
10117,10527,0.0001952472372674189
10117,10121,0.002093849505190093
10122,10325,0.14212163158730012
10122,10732,0.00039749307082577917
10122,11346,0.0002621204370854002
10122,11551,0.00011035069445118719
10150,10352,0.0002719569403420441
10150,10555,0.0003244019819248933
10150,10559,0.2679663550905431
10150,11993,0.002239323861022058
10182,10384,0.010366154601797462
10182,10385,0.0044678503181785345
10189,10190,0.2783810794353485
10189,10589,0.001987182768061757
10218,10422,0.01262119883095436
10222,10425,0.006199010718329845
10226,10426,0.0008952684390048186
10226,10431,0.0015986734069883823
10226,10227,0.007693212013691664
10226,10434,0.000270652578183217
10226,10839,0.0005611366272357069
10227,10434,0.026283871130885927
10227,10431,0.01315644197165966
10231,10434,0.0015335241335681833
10231,10643,0.0003541473421743528
10231,10845,0.0010687114954635035
10231,11667,0.0001963790073844507
10239,10443,0.004040187471806197
10239,10646,0.0002758147857093718
10239,10644,0.0004105806002077846
10239,10645,0.046775271806315764
10240,10443,0.0025087847637526766
10240,10445,0.0022766376059735194
10240,10644,0.0018396072749358912
10240,10645,0.0036719090615709624
10243,10445,0.0007732390422461322
10243,10448,0.33074069023132324
10243,11464,8.709778672469197e-05
10281,10484,0.06235693957842159
10281,10891,0.00043225039553362876
10281,16983,0.0008446323703825698
10308,10512,0.012397505342960358
10316,10317,0.0006801428583761057
10316,10318,0.0009161088237955742
10316,10526,0.0010157073309926545
10316,11136,0.0009764366725448781
10317,10318,0.009537364364535148
10317,10319,0.00234542804537341
10317,10520,0.01396826934069395
10317,11136,0.006355394143611193
10317,11339,0.0025711544949444942
10318,10319,0.28495419666225125
10318,10520,0.09899664726773542
10318,10526,0.00022386455150678688
10318,10527,0.00017750142761282665
10318,11136,1.2052370855484955
10318,11339,0.015121217997245497
10319,10520,0.003376004518941045
10319,11136,0.01598767575342208
10319,11339,0.0008581832516938448
10322,10527,0.1651426542084664
10322,10526,0.06323802614739786
10325,10732,0.027617494179867207
10325,11346,0.0007602324532149993
10325,11551,0.00022451996437247975
10337,10742,0.07587078399956226
10352,10559,0.001389285089310758
10384,10385,0.002666190965101123
10384,10994,0.0020950513426214457
10384,14228,0.00035831494999882807
10385,10589,0.003763764165341854
10422,10831,0.5086170770874476
10422,11239,0.00020955384206899907
10422,10425,0.0002582461159531535
10423,10425,0.005024597747251391
10423,10833,0.000286222244540113
10425,10833,0.009556989232084567
10426,10833,0.0021881460545785103
10426,10832,0.0011008777655661106
10431,10434,0.001976621340968876
10431,10839,0.0005702460960795482
10434,10845,0.0028059525660211193
10434,11254,0.0005699873299089559
10434,11248,0.00019596582168276053
10443,10445,0.0019199396570002136
10443,10645,0.01859274489387038
10443,10646,0.0036097807314945385
10443,10647,0.0010676421225070953
10443,10644,0.014398181128854048
10443,11464,9.573700354708843e-05
10445,10452,0.011073529040459107
10445,10647,0.0005243133055046201
10445,10852,0.0018633567087817937
10448,10857,0.0013227846939116716
10448,11464,0.00018541071815835654
10452,11059,0.0011765328235924244
10452,11464,8.740311033547828e-05
10471,10674,0.4902985692024231
10512,10717,0.0007676015375182033
10520,11339,0.00763020046724705
10520,11136,0.13094186410307884
10526,10527,0.050414745302987285
10526,10933,0.005122894547336425
10526,11136,0.000930344220250845
10527,10933,0.009611374698579311
10527,11136,0.0008612654837634182
10527,11551,1.3098752982075797e-05
10527,14633,0.00014409967425516653
10555,10559,0.001766415280030742
10559,11993,4.573422825870921e-05
10559,13601,7.504956063542068e-05
10635,10839,0.0005083707631759656
10635,12062,3.780331594148615e-05
10644,10645,0.053314033352459475
10644,10646,0.000579395709792152
10645,10646,0.000368801032891497
10646,10852,0.02273803949356079
10646,11463,0.0011484206188470125
10646,10647,0.0034896221477538347
10647,10852,0.0010869100224226713
10674,11298,0.001852791872806847
10717,10718,0.007801979199257403
10718,10923,0.0019395196749764088
10732,11346,0.00012052364348034774
10732,11551,2.7704014720304834e-05
10740,10742,0.002196484225351014
10740,11551,1.3265879928631445e-05
10742,11551,8.387374247448813e-05
10832,10833,0.0020186460787954275
10833,11036,0.009336042159702629
10839,11248,0.012190166712509018
10839,12062,0.0006304652281839098
10845,11254,0.0005252202644568937
10857,11464,0.0005789326547421617
10891,11703,0.007708760920081659
10933,11339,0.003568076528608799
10933,11136,0.0005189873336348683
11059,11261,0.00087021104991436
11059,11464,0.0008013881665914703
11059,12902,0.00021353653282858432
11136,11339,0.7157939216849627
11136,11741,0.0005387641249399167
11136,17212,0.0006867176853120327
11203,11406,0.8175057824701071
11239,11646,0.0023133901753074797
11248,12062,4.635179280879898e-05
11254,11255,0.027986343950033188
11254,11464,0.000881915774388201
11254,11667,0.00018052550301226288
11255,11464,0.0001434858524643299
11255,11667,0.00017771320671045032
11260,11261,0.03399393671376553
11260,11463,0.003784795058891177
11261,11464,0.0685092163372686
11261,11463,0.002303915563970804
11261,11667,0.000449530939113707
11298,13136,0.0003326429933687385
11298,13341,0.0001731430144028915
11346,11551,0.17192927626266036
11346,11755,0.0008034874252708894
11463,11464,0.0003153164344600073
11463,11667,0.0013998380663906573
11464,11667,0.08176646020636799
11551,11741,5.007919102066999e-05
11551,11755,0.0009798911664371476
11551,12970,1.681082896156065e-05
11551,13383,4.869468298956666e-05
11551,13399,1.723322160746408e-05
11551,13586,8.930315874103575e-05
11601,11804,0.008619051989323149
11601,11803,0.0002309948962647468
11601,12006,0.0004560670866643098
11646,11850,0.01597309801339482
11646,12054,0.0018698110638979415
11703,11906,0.0028034089855655253
11802,11803,0.09313997313495292
11802,11804,0.000556363943701399
11802,12006,0.6306167655902849
11803,11804,0.005917278495583863
11803,12006,0.3211305277502333
11804,12006,0.0020351730971318225
11804,12208,0.00021997853801849487
11804,12411,0.005930189761856515
11804,12613,0.0007425230009700338
11850,12054,0.00565936419297941
11906,12109,0.0007505276389565552
11906,13346,0.0008169354671920814
11993,13825,0.00021040796789086679
11993,13826,5.481284632183173e-05
12005,12208,0.33192722997628155
12005,12006,0.0003503685896551663
12005,12411,0.04932349617221613
12005,12613,0.0018613442879882314
12006,13235,0.0006051314204948236
12006,12211,0.6229020673255832
12109,13736,0.0005277194543396035
12109,12110,0.0010601585963740945
12109,12313,0.002724449324887246
12200,12411,0.0008738457254366949
12200,12613,0.00063243348904507
12200,12614,0.00023617855968041112
12200,12815,0.0023647182970307767
12200,13423,0.0002130975845394308
12208,12612,0.0002826180039846804
12208,12411,0.3853132153816888
12208,12613,0.0013511032387144943
12313,12721,0.0002780841441563098
12313,12923,0.000886641806573607
12358,12961,0.004409787245094776
12358,12970,0.008526916615664959
12372,12373,0.06017196289030835
12372,12577,0.042351290583610535
12372,12578,0.002328244736418128
12373,12577,0.011486873350804672
12373,12578,0.06120520073454827
12373,14209,0.000411283993315692
12373,15241,0.0023288814198512142
12411,12605,0.0005010572153688978
12411,12612,0.33108742323310264
12411,12613,0.4958296818281509
12411,12614,0.5186242293087167
12411,12814,0.0032573174604143182
12411,13437,0.0031916271387520587
12411,13827,0.00043377517167448736
12411,14447,0.0003842101313690437
12411,14850,0.0021523611139547447
12577,12578,0.0026421548682264984
12602,13016,0.0005868671673852077
12602,13423,0.0001256458361969711
12602,13625,0.00011237357491771556
12602,13826,0.007739048865483469
12602,13827,0.00842850987003299
12602,13828,0.0007251322773906091
12602,14026,0.00043875720317979966
12602,14027,0.00039178226570308624
12602,14028,0.00028182097110610965
12605,12606,0.019641809165477753
12605,12613,0.0004219427437419654
12605,13826,4.195106302016511e-05
12606,13626,0.0010951271236976368
12606,13826,5.138574937625569e-05
12606,14851,0.0031923013739287853
12612,12613,0.010617655961444447
12612,12814,0.002192093525081873
12612,12815,0.07980638230219483
12612,13020,0.001195728562606746
12613,12614,0.38243028765626075
12613,12814,0.0071350706469578045
12613,13020,0.0006881954171452284
12613,13224,0.0007353775706103276
12613,13437,0.0010302969024375368
12613,13827,0.0003678499802844484
12613,14850,0.0015325598490676384
12614,12815,0.001585649948168566
12721,13336,0.0018519323784857988
12721,13343,4.647507070330903e-05
12808,13625,0.04485189384433852
12808,13827,0.008045305307841798
12808,13423,0.00019347125399823048
12808,13826,0.002926294571600064
12808,13828,0.0004905893195730945
12814,13017,0.0006464431644417346
12814,12815,0.004302806220948696
12814,13224,0.00026330750375159876
12815,13224,0.0011013981462484582
12902,13309,0.0009769657161086797
12961,13372,0.0016570524021517485
12961,15621,0.0003930905459128553
12970,13383,0.03627176210284233
13016,13221,0.011975915541912721
13016,13017,0.005950359717900255
13016,13423,0.002466017069614579
13016,13425,0.0011846475218971382
13016,13625,0.00010083979129130172
13016,13626,0.0018892638153422125
13016,13826,0.000792668473314506
13016,13827,4.3335306897626227e-05
13017,13020,0.1402808576822281
13017,13221,0.001892386528197676
13020,13223,0.004218711983412504
13020,13224,0.10436023311101887
13106,13309,0.01079063562550194
13106,13515,0.0061002434231340885
13134,13336,0.41045796712084365
13134,14564,0.0016915404703468084
13134,13136,0.0008493049535900354
13134,13341,0.0019749951219030968
13134,13343,4.4434005958464694e-05
13136,13146,0.007358716657628455
13136,13343,0.002275255469263878
13136,13341,0.1011683158770514
13136,13342,0.011626392800098983
13146,13152,0.0007305552244361024
13146,13153,0.0008713004408491543
13146,13341,0.00023083933956513647
13146,13350,0.0014804169519006141
13151,13152,0.2038011823280959
13151,13153,0.003283753163126827
13152,13153,0.28178106722598223
13152,13154,0.0010772311394956252
13152,13343,0.00031185631129407966
13152,13360,0.00010068829968596609
13152,13970,0.00015421295425507457
13152,14574,0.00019140784363891328
13152,14577,9.713714726850802e-05
13152,15810,0.00030885164064134836
13152,13155,0.0005318145859519064
13153,13154,0.3252093051651531
13153,13155,0.350547453683248
13153,13343,0.00036499586610915153
13153,13360,0.0005785313417163707
13153,13771,0.00018423705932235634
13153,13970,0.0004551082615762425
13153,14378,0.00013427312393332613
13153,14574,0.0006691245079886166
13153,14577,0.00017072101151427432
13153,15810,0.0005661201373641234
13154,13155,0.15904464792998702
13155,13360,0.00028967726102564485
13173,13586,0.0009405727560078958
13221,13423,0.02002869413928206
13221,13424,0.0030677359754918143
13221,13425,0.020249418406516877
13221,13426,0.002247607579192845
13221,13224,0.00012847786129239265
13221,13625,0.000207309809891143
13221,13626,0.010824391766163899
13221,13826,0.0024316342035848575
13221,13827,0.00021861928782159805
13221,13828,0.0007522693567807437
13221,14027,8.416958527216164e-05
13223,13224,0.040830160100692105
13224,13235,0.00019575752265963174
13224,13425,0.0010821948708073454
13224,13426,0.0016430391843995393
13224,13827,0.0006025567507044089
13235,13437,0.0012595560983754694
13235,17112,0.0006719872471876442
13309,13514,0.0004428635123379839
13309,17388,0.0007722838319852432
13336,14353,0.000421252222925735
13336,14564,0.004090617740682016
13336,13341,0.0037805118323982847
13341,13342,0.43058237762450535
13341,13343,0.00043573613792803275
13341,14564,0.00034491160234514
13342,13343,0.592908075404495
13342,13344,0.003400380350649357
13342,14353,0.0002586326428854591
13343,13344,0.6260669515775299
13343,13345,0.001918670644517988
13343,13346,0.0023513394825659057
13343,13350,4.279858627874944e-05
13343,14564,5.031518163377768e-05
13343,14572,0.0004619174616454255
13343,14574,4.0722974720832775e-05
13343,15810,0.00020633539504771647
13344,13346,0.0022528586887347046
13345,13346,0.02124496014827552
13346,13350,0.0009702169305195899
13346,14570,0.00500187464785995
13346,14571,0.00037838497740137555
13346,14572,0.0005326074764013811
13346,14573,0.0008068698948022757
13346,14574,0.00012038939100875723
13350,14572,0.00012387207786919893
13350,14573,0.000974881077646946
13350,14574,0.01643809160806479
13350,14575,0.0021122181626196833
13360,13970,0.013257607817649841
13360,13771,0.002146715676644817
13360,16430,0.0002340016527758356
13372,14392,0.0006679759829320928
13377,16240,0.008095207624137402
13399,13586,0.006664688755904535
13399,13601,0.010360430926084518
13423,13424,0.13145300014032557
13423,13625,0.005745609685280112
13423,13626,0.1594047623303091
13423,13827,0.001513165177592441
13423,13828,0.0009001865971194623
13423,14027,0.0018713563365031446
13423,14034,0.00011875069988794469
13423,13826,0.015133653532485261
13423,14028,0.0002698437705622009
13425,15053,0.00045115486123374165
13437,16696,5.8783154861793205e-05
13463,13666,0.0012119864113628864
13514,13515,0.016293659806251526
13586,13791,0.480292353007826
13601,14217,0.0023128967732191086
13611,13813,0.001497347354112814
13611,13817,0.0016728064468434962
13611,14427,0.0003124214267513574
13611,14429,0.00022772091747972787
13611,15053,0.001865632390521288
13625,13813,0.0002592257787729884
13625,13825,0.0018724708520380835
13625,13826,0.033126266383385394
13625,13827,0.29753426549999173
13625,13828,0.32238167340402246
13625,14027,0.00022673082834992635
13625,14447,8.220911326152372e-05
13625,13626,0.21333283090116628
13625,14028,0.00012347219018791174
13626,13828,0.00629547365241806
13626,14034,0.006045459304004908
13626,13826,0.0019443211481372056
13626,13827,0.00011562398131459272
13626,14027,4.6394213632226496e-05
13734,14137,0.0026065287202072795
13794,14406,0.002801859052851796
13812,14219,0.004628714639693499
13812,14217,0.001332669984549284
13812,14427,0.0003643438288814981
13812,14430,0.0005809677782053768
13812,14633,0.00011165984586922504
13812,15040,0.0006454378017224371
13812,20510,0.0009912507156080608
13812,20713,0.00012279592629056425
13813,14027,0.0020000374037525753
13813,13826,0.0008036112880750783
13813,13827,4.239363621254325e-05
13813,14026,0.0002491910709068179
13813,14028,0.00016408848199371087
13813,14427,0.0005855279129966882
13813,14428,0.0003909528051735833
13813,14431,0.0003508930622047046
13817,14021,0.0007740792061667889
13817,14022,0.0006026253468007781
13817,14427,0.0002065512055237791
13817,14428,0.00031022077509987864
13817,14429,0.0004124260142930325
13817,14430,0.0010497263212225032
13817,14633,0.00021744290095663624
13825,13826,0.1133530298878931
13825,13827,0.006739545123144409
13825,14027,0.001289335596535538
13825,14028,0.007683696254164372
13825,14029,0.0001767510032220895
13825,14030,0.00017330558528721502
13825,14431,0.00010909948302308169
13825,14026,0.0002414514380385905
13826,13827,0.4507210297805143
13826,13828,0.03700798320809172
13826,14026,0.002065562043958355
13826,14027,0.03573885274609421
13826,14028,0.04913603560353461
13826,14029,0.003916596976592904
13826,14030,5.04361683210043e-05
13826,14431,0.006559008599018146
13827,13828,0.10647627191220974
13827,14026,2.575880470483252e-05
13827,14027,0.0003510358027012365
13827,14028,0.0004679922029151368
13827,14029,2.820931433598417e-05
13827,14030,0.00015994064228258317
13827,14034,3.8312490341666774e-05
13827,14431,0.00016922605489372086
13827,14850,7.198262812354943e-05
13828,14027,0.00013431031198889629
13828,14028,0.00011116251158779326
13828,14029,0.0006060379233057134
13970,16835,0.0010110363364219666
13970,14577,0.0007989322184585035
13971,15800,0.003185691311955452
14021,14022,0.006732983866337842
14021,14227,0.0004636805322816596
14021,14427,0.005079780431321623
14021,14428,0.19285800478758877
14021,14429,0.052380013027757855
14021,14430,0.0007503363011286031
14021,14634,0.0014338476952010144
14021,18477,0.0003550691912058331
14022,14227,0.01876196815418756
14022,14427,0.1548803784796533
14022,14430,0.004276149651559535
14022,14228,0.0005004609615752997
14022,14428,0.005068770774960285
14022,14429,0.006032103508914588
14022,14432,0.001474869204685092
14022,14633,0.005075988654274018
14023,14227,0.0006538414551566044
14023,14228,0.008503103359544184
14023,14430,0.0010504034168358582
14023,14633,0.00013345142896367988
14026,14027,0.42106995519435175
14026,14028,0.008025277035193032
14026,14029,0.00038405014007973176
14026,14431,0.011859314050525427
14027,14028,0.20409598396520995
14027,14029,0.012723539390079822
14027,14228,0.00024009339705861004
14027,14431,0.005100377208854623
14027,14850,7.000684490776621e-05
14027,17504,0.0001236256702630413
14028,14029,0.057664180314822594
14028,14030,0.00027379054881748743
14028,14431,0.0028747307364469506
14071,14272,0.0007246822060551494
14071,14274,0.0029757229713140987
14123,16171,0.01661432348191738
14209,14210,0.0023005598077361356
14219,14427,0.0026776044714179907
14219,14428,0.0007118021021597087
14219,14633,0.00020228435338746445
14227,14228,0.005634850935346096
14227,14430,0.0009511444474754558
14227,14431,0.19390071734655465
14227,14432,0.20603119006254644
14227,14634,0.0005328880215529352
14227,15041,0.0004981884565798586
14227,16481,0.0008457228072037045
14228,14634,0.00031576803121424746
14228,14429,0.0023111242468303317
14228,14432,0.0054651228711009026
14228,14633,0.00020770607243826412
14272,14273,0.06515461206436157
14273,14476,0.001253099471796304
14341,14953,0.0019782409071922302
14341,15156,0.030549873583368026
14351,14352,0.8571337461471558
14352,15362,0.0003011837870872114
14353,18064,1.367969262168276e-05
14378,14580,0.0022014982532709837
14380,15807,0.012255480512976646
14389,15820,0.00022717679239576684
14389,16021,0.0018309647057321854
14406,14407,0.009999051238992251
14406,14813,0.2812819654622558
14406,15830,0.0010859689209610224
14406,16040,0.0012447410173741513
14407,14610,0.6045184235554188
14427,14428,0.14463474973418589
14427,14429,0.0017093438170329056
14427,14633,0.014079445739898503
14427,15039,0.020938443268219822
14427,15240,0.00015315362675623461
14427,15243,0.00011188194106249615
14427,14430,0.0011047816013861806
14427,15040,0.001615087917585356
14428,14429,0.05556593787227939
14428,14430,0.0006851398386061192
14428,14633,0.043834868018310165
14428,14634,0.0005912706721574069
14428,14837,0.00025718177203089
14429,14430,0.0019786821704504596
14429,14633,0.01103433695100896
14429,14634,0.0015237800344038988
14429,14837,0.00017286350453105115
14430,14431,0.0017466323491080276
14430,14633,0.002311800677653587
14430,15243,0.0003383684775712936
14430,14634,0.0008429548906860873
14430,16069,0.0017735240567446908
14431,14432,0.13221558928489685
14432,15041,0.002802519127726555
14432,16481,0.005395939107984304
14446,14447,0.004870307045068263
14446,14851,0.0004220407851486622
14446,15267,0.00038596434630259563
14447,16696,2.692195477610757e-05
14476,14678,0.014062896007089876
14530,14743,0.0018444413786369296
14530,18400,0.0006923897628572994
14530,14734,0.0047641743210782295
14530,15143,0.0002018270156416239
14532,15143,0.000708449029843905
14532,15149,0.0007251025817822665
14532,14744,0.0022078511706240533
14541,14744,0.0022585623319173465
14541,15156,0.00052980244072387
14541,15362,0.0008943485299823806
14548,15364,0.0013319910406911124
14548,15157,0.008417608909439878
14548,15362,0.00031591129159096453
14548,15970,0.00023734231745038415
14564,14565,0.004455110058188438
14565,14570,0.00028879289311589673
14565,14572,0.00012820995713506514
14565,14573,0.0002247754573545535
14565,14574,0.00014983353612478821
14570,14571,0.14586884121671975
14570,14572,0.002524353663286849
14570,14573,0.03596084111525973
14570,14575,0.0008869432726363868
14571,14572,0.3169130318002514
14571,14573,0.2216212094449406
14571,14575,0.0014657417996488675
14572,14574,0.0006309453626452521
14572,14573,0.20387902083352416
14573,14574,0.007091108493424692
14573,14575,0.035304214316210884
14573,15807,0.00018293374159839004
14574,14575,0.11238478682518424
14574,14577,0.025984748557736262
14574,15601,7.194975832286824e-05
14580,16633,0.0015391922643175349
14633,14634,0.004330007244473361
14633,14837,0.03090841698541327
14633,15039,0.00407296941255216
14633,15040,0.0048209324218330745
14633,15041,0.0004823167708107374
14633,15240,0.00021038531223085657
14633,19100,0.00022943174447319513
14634,14837,0.0013757875994997448
14678,14879,0.0009857192635536194
14678,14880,0.006434211041778326
14734,15143,0.0033749337566213455
14743,14946,0.02611103281378746
14743,15149,0.013836190104484558
14744,15968,0.0005200093514758919
14744,15970,0.0001478929656514083
14810,14813,0.0012784089194610715
14810,15012,0.0015829543117433786
14813,15233,0.000645145533781033
14813,16040,0.004020333085934968
14813,15012,0.002593929085030533
14813,15830,0.0033426415344880722
14813,16240,0.0010600074204125676
14837,15039,0.0008401695549764554
14837,15040,0.011021945196262095
14850,15053,0.002013872202951461
14850,15866,0.0014145272307359846
14850,16491,9.594398440448449e-06
14850,16696,5.654436426570623e-05
14850,17289,0.012822654563933611
14851,15463,0.003651333274319768
14851,15669,0.0013739782152697444
14851,15668,0.0016504074446856976
14851,16076,0.0003786609460803447
14858,15268,0.0025316800456494093
14858,15267,0.0033149844966828823
14858,16285,2.266839911100055e-05
14858,16491,1.0851003132277107e-05
14858,16696,6.365357638391616e-05
14878,14879,0.0015042686136439443
14879,14880,0.04524020850658417
14946,15149,0.004916545934975147
14947,15150,0.8495267629623413
14947,15968,0.4998444616794586
14953,15156,0.0023745931684970856
15012,15215,0.005246237386018038
15012,15216,0.00790340919047594
15012,15830,0.016903435564017855
15012,16031,0.032542839646339417
15039,15041,0.00019901635035542617
15039,15243,0.0006949220631516558
15039,15040,0.03186236924921104
15039,15242,0.004095381497791095
15143,15352,0.008264145988164273
15143,15550,0.020032656534264486
15150,15968,0.07517551630735397
15157,15564,0.0021294341422617435
15157,15362,0.004773886725888588
15214,15215,0.9809208237566054
15214,15620,0.0014725092311209664
15214,15621,0.0004515458819298601
15214,16030,0.0008737789752331082
15215,18064,1.1799453412788477e-05
15216,16031,0.0015443424927070737
15216,16232,0.0010104968678206205
15233,15843,0.14125822484493256
15238,15441,0.0024816018994897604
15239,15240,0.001294922549277544
15239,15441,0.006215838249772787
15240,15241,0.030125806340947747
15240,15441,0.0014208381762728095
15241,15441,0.0005846908316016197
15267,15675,0.0016224575228989124
15267,15875,0.0008657616175090274
15267,15879,0.001851551583968103
15267,16079,0.0006229928694665432
15267,16080,0.006853305944888335
15267,16081,0.0009190623535878809
15267,16285,0.0008789457580619177
15267,16286,0.000714295800259736
15267,16287,0.0006898640907214334
15267,16491,0.0003764306563150283
15267,16492,0.00033039613417178555
15267,16696,0.002024052266436113
15267,16697,0.000194925926633813
15267,16901,0.00036172879526930046
15268,15473,0.40949655836448073
15268,16696,5.7179909189174884e-05
15362,15563,0.0003482793790681171
15362,15564,0.02077525580243673
15362,15968,0.00024592165582362215
15362,16174,0.010363099747337401
15362,16177,0.009447015589103103
15362,16178,0.005081765359136625
15362,16782,0.00035252754823886787
15362,17624,0.00020492548774768692
15364,15970,0.00022060124047129648
15364,16179,0.0007762495467128853
15408,16020,0.030283920466899872
15408,16021,0.011112868058262393
15463,15668,0.001972614321857691
15473,15678,0.0015353558301285375
15473,15879,0.0005256440172161092
15473,15882,0.0020041656534885988
15473,16285,0.00012116222693759009
15473,16286,4.46609274246969e-05
15473,16287,5.4752053943164545e-05
15473,16491,2.7347174811518157e-05
15473,16492,4.253809229440134e-05
15473,16696,0.00019127527437641422
15550,15754,0.045069530606269836
15563,15766,0.003315313719213009
15563,15767,0.021551981568336487
15563,15970,0.01078189377731178
15564,16178,0.004653660851545283
15564,16177,0.0017234979895874858
15575,15576,0.51508629322052
15575,16801,0.028490210184827447
15576,16801,0.0005457955315553894
15601,15808,0.002782172057777643
15614,16023,0.0063151188133916646
15614,16227,0.0015657864278182387
15614,15820,0.0003820835947408341
15614,16432,0.0004729883457154453
15614,16633,0.0033496178220957518
15618,15619,0.003057967685890617
15618,15819,0.004669655725592747
15618,15820,0.0007792904310917947
15618,15821,0.0010665904846973717
15618,18064,1.761684426402624e-05
15619,16232,0.004325091373175383
15619,15621,0.00017963101951560626
15619,15820,0.00045690789411310104
15620,15621,0.2870797632376707
15620,16024,0.0014984350983411332
15620,16030,0.08132543880492449
15620,16232,0.0010479846969246864
15621,16024,0.00030118559886697466
15621,16030,0.663269693905022
15621,16231,8.340850456534099e-05
15621,16232,0.002245101948629961
15621,17666,0.00013780118230973434
15621,15820,0.0012847989939047011
15641,15642,0.02684726193547249
15641,16047,0.00140151270898059
15641,15844,0.013588345449534245
15642,15643,0.01650322143298884
15642,15844,0.011354318930898444
15643,16462,0.00100102333817631
15643,17074,0.023394139483571053
15661,15669,0.04018615931272507
15661,15866,0.06990443170070648
15661,15867,0.01072400901466608
15661,16069,0.016807138919830322
15668,15669,0.0011343660298734903
15668,16076,0.006856336619239301
15669,15875,0.0008029314534117779
15669,16076,0.00036094864626647907
15675,15879,0.008534726661309833
15675,15882,0.0012045282637700438
15675,16081,0.002938925638437994
15675,16080,0.0008819514267896819
15675,16285,0.0009809946030739176
15675,16286,0.0030369520120854887
15675,16287,0.0058339649381545875
15675,16290,0.00029001528640616346
15675,16491,0.0011918213585052006
15675,16492,0.0029196269593332064
15675,16696,0.0044142535352514395
15675,16697,0.00026177271825468377
15675,16901,0.0007763386047372478
15678,15882,0.0013629605637106579
15678,16902,0.0005318814751049672
15753,16566,0.011342438869178295
15766,15970,0.09295367045951934
15766,15767,0.06966929009649903
15767,15970,0.25092244211968906
15797,15799,0.05188373440632432
15797,17198,0.0002403738044637672
15797,17228,0.00022371843291409918
15799,16834,0.0001361055711512904
15799,16837,0.0013158328962617817
15808,15809,0.0022247749093295965
15808,15810,0.001744100241921842
15809,16023,0.00022532948882680772
15809,17033,0.0012884968407971876
15810,17235,0.0011213659308850765
15813,18064,2.0125904559358126e-05
15819,15820,0.02011949321022257
15819,16023,0.0010482244251761585
15819,16024,0.0007240686281875242
15819,16837,0.002257069945335388
15820,16021,0.0004505908233113587
15820,16023,0.0011678794670400647
15820,16024,0.25907460528235193
15820,15821,0.009411709709638671
15820,16638,0.00010891265936973839
15821,16020,0.02669370546936989
15821,16024,0.05171586641881731
15830,16031,0.04604664392536506
15830,16033,0.0059455987575347535
15830,16240,0.046015345491468906
15830,16430,0.0006457407558886846
15843,19909,4.4262716247876016e-05
15844,16046,0.004704112274414668
15844,16047,0.04581681557465345
15844,17067,0.002326049569930433
15844,17068,0.0010748194981715642
15844,19311,0.0012248177081346512
15844,18286,4.118256614445325e-05
15866,15867,0.024245623499155045
15866,17504,0.0019096469203745414
15866,16069,0.0010738694109022617
15867,17505,0.0002512180328608338
15875,16079,0.008964576685701312
15875,16080,0.019720081375170537
15875,16081,0.0047063000938722495
15875,16285,0.00783653954123624
15875,16286,0.004191680436114049
15875,16287,0.001353310836538395
15875,16491,0.0007779225753780472
15875,16492,0.0005427903951289274
15875,16696,0.006921184684204221
15875,16697,0.0001192746900636384
15879,15882,0.0004269389755791053
15879,16080,0.0020981603072350984
15879,16081,0.026374215970772497
15879,16285,0.007416280476648973
15879,16286,0.0397667742125496
15879,16287,0.31712610908810124
15879,16290,0.0013903206799341095
15879,16491,0.002118295556207391
15879,16492,0.00399294437066662
15879,16696,0.004704242007510106
15879,16697,0.0001449021249422502
15879,16901,0.0001949744275862031
15882,16081,5.980729771468568e-05
15882,16086,0.002402164041996002
15882,16285,8.660701343977015e-05
15882,16286,0.0002297134389144568
15882,16287,0.0003347791173907283
15882,16290,0.00011796171218685976
15882,16491,0.0002840311200764626
15882,16492,0.0003777120966119315
15882,16696,0.0013410405965871971
15882,16697,0.0001780775653767503
15882,16901,0.0002667735093382362
15883,16089,0.0023276609945241944
15955,16566,0.0017852837918326259
15968,15970,0.00041913408786058425
15970,16178,0.00048124671757250327
15970,16179,0.00034561108252479934
16020,16021,0.020556748553644866
16022,16023,0.024080945612360613
16022,16231,0.0022617236973019317
16022,16226,0.002105793113969412
16022,16430,0.0012256803468346789
16022,16431,0.0006828991771357096
16022,16433,0.000976634989674115
16022,16633,0.0002381303254234505
16022,16835,0.0025372703140222885
16023,16024,0.09398053419963996
16023,16227,0.03643380644158849
16023,16231,0.00016429032139816022
16023,16430,0.0019128726856236294
16023,16431,0.0013279839110206617
16023,16432,0.0011857278639051888
16023,16433,0.00028647259071274474
16023,16226,0.005773176058937679
16024,16430,0.0009471147303941052
16024,16431,0.005265293850243324
16024,16433,0.030587874960588124
16024,17050,0.0002559555287646731
16024,16030,0.00063092072798554
16024,16227,0.002306022448465228
16024,16230,0.003853047266602516
16024,16432,0.02223472728201159
16031,16033,0.01751142367720604
16031,16231,0.0005789404967799783
16033,16240,0.005694382358342409
16040,16448,0.0008236559257663126
16040,16041,0.13906702697386208
16040,16240,0.003952417209667658
16040,16243,0.08884540264625684
16041,16243,0.0027436420787125826
16046,16047,0.0030111307057474335
16046,18088,0.001132555506676829
16069,17086,0.004224851727485657
16076,17095,0.002035244995886387
16079,16080,0.12341040248672168
16079,16081,0.013222048226878336
16079,16285,0.011198985781045157
16079,16286,0.0009860975883254598
16079,16287,0.00013732447063702214
16079,16491,0.00023901739383424493
16079,16492,5.94050936929367e-05
16079,16696,0.0006058659938590386
16080,16081,0.13963996127429432
16080,16280,0.0005423553100424922
16080,16285,0.3677637616256559
16080,16286,0.008850300501415635
16080,16287,0.0021872884976048236
16080,16491,0.0032697831572480046
16080,16492,0.0008116457324677496
16080,16495,0.00011579142847040202
16080,16696,0.00309822212561428
16080,16697,0.00015178311133319985
16080,16901,0.00042135585258051833
16080,17300,0.002848182518901822
16081,16280,9.08132927921351e-05
16081,16285,0.1961599834524004
16081,16286,0.02582422724135116
16081,16287,0.008560101278550027
16081,16290,0.00010606799101330713
16081,16491,0.0027938334384361475
16081,16492,0.0011990328968598802
16081,16696,0.005067412413506544
16081,16697,0.00011784459926990188
16081,16901,0.0001774786693005126
16086,16291,0.0011859906032138194
16086,16495,0.0006856461986899376
16087,16696,0.08157100249989259
16087,16088,0.05980199109762907
16087,16089,0.00020974776525690687
16087,16290,0.00025100818943842154
16087,16492,2.907920248376553e-05
16088,16089,0.010059007353265769
16088,16291,0.007959905694103023
16088,16696,3.726594729718069e-05
16089,16293,0.009476561099290848
16089,16696,3.38377854849595e-05
16171,16782,0.0057239774614572525
16174,16177,0.0010779518634080887
16174,16782,0.01478375494480133
16178,16179,0.05007174501973566
16178,16388,0.0002371652950235633
16179,16180,0.00023139770458604122
16180,16388,0.052220075200021185
16180,16792,0.0024070207679566615
16180,16999,0.0002392070940307652
16226,16430,0.07576509006968182
16226,16836,0.0016639671521261334
16226,16431,0.002924718239228241
16226,16633,0.001481947605498135
16227,16430,0.016995059277784698
16227,16431,0.04059401899576187
16227,16432,0.006014201673679054
16227,16633,0.0010858677414944395
16230,16432,0.006934079458005726
16230,16433,0.05695163575001061
16230,16638,7.512037872833102e-05
16231,16232,0.018801302183419466
16231,16433,0.001515142115143438
16232,16638,0.000609375287341625
16280,16285,0.006178442228553408
16280,16286,0.00025659231884804154
16280,16287,5.906966177859338e-05
16280,16491,0.00018023492083799332
16280,16492,4.1820433645344727e-05
16280,16696,0.0005431260249563221
16280,16901,0.0005841583871415423
16285,16286,0.2349647586867682
16285,16287,0.014955183987828063
16285,16290,0.0002580663613828815
16285,16293,2.685854250603138e-05
16285,16491,0.03597804319515579
16285,16492,0.003275407089184359
16285,16495,0.00028960825890000024
16285,16696,0.05162979525646381
16285,16697,0.0006301861736067905
16285,16901,0.0006822376626621781
16285,17300,6.558308237632742e-05
16285,17915,4.262482892100911e-05
16286,16287,0.2878049170090383
16286,16290,0.0005429148978701795
16286,16293,3.8050826671159095e-05
16286,16491,0.19855978561463783
16286,16492,0.010446573216128715
16286,16495,8.282052107720769e-05
16286,16696,0.056381358453947296
16286,16697,0.0008321704573716381
16286,16901,0.00168704203570493
16287,16290,0.0020618498237530074
16287,16291,2.8320025707309982e-05
16287,16293,6.781849100288804e-05
16287,16491,0.14045607173307478
16287,16492,0.09339614845064546
16287,16495,6.98467730007206e-05
16287,16696,0.05764616399846944
16287,16697,0.0024900442484193583
16287,16901,0.002327187838303529
16287,17108,3.360340101593442e-05
16290,16291,0.0009146677945011454
16290,16293,0.00012187863334971057
16290,16491,0.0023168828506834336
16290,16492,0.2301801919387881
16290,16495,0.06483523916447885
16290,16696,0.018817631224285016
16290,16697,0.07127279390293842
16290,16901,0.0014457570199632617
16291,16293,0.0008036482128469894
16291,16495,0.004728050926530614
16291,16491,2.2427096514088965e-05
16291,16492,0.00010661964340803988
16291,16696,0.00028755275905573493
16291,16697,0.0001717855211609276
16291,16901,0.00014569952099918737
16293,16491,6.668237084349289e-05
16293,16492,0.0001651241331380922
16293,16495,0.0017622117884457111
16293,16696,0.0008106083254650709
16293,16697,0.0002989968266370448
16293,16901,0.0004027064962883742
16371,16576,0.004701927964561037
16388,16792,0.000853129874788768
16388,16794,0.002317074901535913
16388,16999,0.018269065981864212
16388,24331,0.000737711502530658
16430,16431,0.07276780943842216
16430,16432,0.0007624196722638822
16430,16433,0.001551405580938889
16430,16633,0.027555863199773337
16430,16834,0.000684487823454844
16430,16835,0.0004904428157412136
16430,16836,0.03301020958354507
16430,16837,0.00018447363327488297
16431,16433,0.0010939739713649033
16431,16633,0.0018949638343504678
16431,16432,0.006909196781634819
16431,16638,0.00013518501101005218
16431,16837,0.0010001153970733867
16432,16433,0.023476958206326042
16432,16638,0.052772029176315564
16432,16843,0.00016224991239729056
16432,18064,2.2324966138232735e-05
16433,18271,0.0008118653204292059
16433,16638,8.339154180404014e-05
16462,17074,0.1262245923280716
16481,16684,0.0014149911003187299
16491,16492,0.13535026460747324
16491,16495,0.0008612420135406086
16491,16696,0.4682843056883545
16491,16697,0.007678889102379633
16491,16901,0.02315962291161722
16491,17108,4.0431281135380824e-05
16491,17300,3.070352803819616e-05
16491,17915,5.158276940790595e-05
16492,16495,0.009181732709259247
16492,16696,0.3011906727773396
16492,16697,0.10526239052734715
16492,16901,0.019028825698946785
16492,17108,8.977193968587805e-05
16492,17915,2.0397484306880977e-05
16495,16696,0.003990881657086065
16495,16697,0.03136294458535065
16495,16901,0.0005021798341431349
16495,17108,0.000990732571153785
16495,16903,0.006467921275998378
16566,17381,0.018590187653899193
16566,17586,0.0019449378839150693
16566,17789,0.00249346080909163
16576,16782,0.0013599930716736708
16587,16792,0.9994432330131531
16633,16834,0.0015771086715782683
16633,16835,0.06200547143816948
16633,16836,0.14538150968537406
16633,16837,0.00043407206680967647
16638,16639,0.0007743845311316884
16638,16837,0.0001403898224511199
16638,16843,0.013302406413120773
16638,17048,0.0011760198959086918
16638,17049,0.00035301092037499124
16638,17050,0.0002496698477606766
16638,17243,0.0019048204561314425
16638,17254,0.00028505072829207884
16638,17653,8.244804985224619e-05
16638,17654,0.0019441675944299756
16638,17859,0.00043478824017496935
16638,18064,0.00016603515408984058
16639,16843,0.00011143293961781338
16639,17859,0.00014855544077360325
16639,18064,0.0016203449686016914
16683,17296,0.0004197351518087089
16683,16684,0.07680482184514403
16683,17095,0.0005097897810628638
16696,16697,0.11089084670018168
16696,16901,0.35133596392086364
16696,17108,0.000668623285300232
16696,17296,4.2122820725592916e-05
16696,17300,0.0002065267958908001
16696,17505,5.622899203793148e-05
16696,17915,0.00037545960173914904
16696,18119,3.547927620158899e-05
16697,16901,0.0522818004236064
16697,17108,0.0003043810707955193
16800,16801,0.333173327105006
16800,16999,0.13058762848368133
16800,17003,0.01970150028852894
16800,17005,0.04309021677825816
16800,17002,0.002280518179759383
16801,17005,0.2888381610434105
16801,17212,0.002523592896371459
16834,16835,0.0007629137714530998
16834,16837,0.0008305249891755739
16834,17033,0.00015402273941589328
16834,17035,0.0009867521507634092
16834,17036,0.5872231616608259
16834,16836,0.000736418800492721
16835,16836,0.024978506576644577
16835,17036,0.00031751360219089975
16836,16837,0.002150090571755451
16836,17243,0.0008851986688872179
16836,17448,0.005346078775346541
16837,17654,0.001284335869293803
16837,17858,0.0002592996461316943
16837,18271,0.0002630818404213642
16837,17243,0.0022102298166828405
16837,17448,0.006797551232921251
16837,18064,6.547552707524091e-05
16843,17048,0.28499084513773765
16843,17858,0.0003247972942593454
16843,17859,0.00025385729341513097
16843,18064,0.0011628760411067373
16843,18271,0.00048810131799352047
16843,18477,0.0001114063761633588
16843,18679,5.509960433678721e-05
16901,17108,0.0009230687989258968
16901,17915,0.0001620251117628868
16902,16903,1.0005845861742273
16902,17312,0.005965049844235182
16983,16986,0.0035607123281806707
16983,17393,0.0003628702543210238
16986,17393,0.00032685590849723667
17002,17003,0.006247373908990994
17010,17212,0.002324637316633016
17010,17215,0.44886482237653524
17010,17624,0.0005111613572807983
17027,17029,0.002333720092438243
17027,17229,0.0018610246261232533
17027,19272,0.004308530919843179
17027,17034,0.0029996105072660623
17027,17231,0.0015746298071137588
17027,17237,0.0037626948099428524
17027,18064,1.958538618651901e-05
17029,17033,0.019814290666098106
17029,17235,0.0001839351358891387
17029,17035,0.0007822824436800602
17033,17034,0.0024816841130814284
17033,17035,0.0018338971258344827
17033,17237,0.0009916339810539891
17034,17036,0.2529462167124237
17034,17235,0.004326924216002226
17034,17237,1.5197268724441528
17035,17036,0.012008815647531534
17035,17237,0.0007147254097314241
17036,17237,0.24711965975184347
17048,17050,0.0002024770291697564
17048,18064,0.00043714786182010463
17048,18271,0.0011070703437781049
17049,17050,0.00883298801879088
17049,17254,0.006573535036295652
17050,17254,0.0007002864052386334
17050,20128,0.0012362037041948604
17067,17068,0.12517313938587904
17067,18286,3.3991199979575204e-05
17068,18286,5.610284222076313e-05
17074,17887,0.0012296439344936516
17074,18916,0.0005009937418662957
17086,17290,0.003415767146483025
17086,17289,0.008573333849199116
17095,17297,0.0010236500529572368
17095,17500,0.0007283834497116004
17095,17709,0.0013444147829630992
17096,17505,0.020513468430362992
17096,17710,0.015843910165131092
17198,17199,0.24509759643615325
17212,17215,0.018632125109434128
17215,17220,0.0011478388059913414
17215,17624,0.010580613277852535
17228,17229,0.001600926835089922
17235,21522,0.002443986712023616
17235,17237,0.00588987790979445
17243,17653,0.002279882552102208
17243,17859,0.0001110031689677271
17243,18064,0.00022426508619954123
17254,17859,0.00010076454827867565
17254,18063,0.00010710197087367608
17254,18064,0.00024266801247701278
17283,17289,0.0036051780043635517
17283,17290,0.0004922641443651324
17289,17290,0.22849426528457664
17290,17496,0.0003684337231485794
17296,17499,0.0011836389379433448
17300,17504,0.005815625113124649
17300,17505,0.0028474042914240273
17300,17710,0.0025806772137002554
17382,17586,0.3589375459123403
17382,17789,0.01235307171355382
17388,17393,0.0002512581402243086
17391,18205,0.0010342760093256704
17391,17392,0.004164773636148311
17391,17393,0.0009459355653689272
17392,17393,0.1645873411980574
17393,18205,0.00017445463709009346
17496,17498,0.0010680514387786388
17496,17499,0.00032212791744054163
17498,17499,0.0026880401574089774
17498,17500,0.0006035445840097964
17499,17500,0.0027294018805394315
17500,17505,0.0013085945828628098
17500,17709,0.00042266246945625124
17504,17914,0.0024395956036945186
17504,17709,0.0031330714349072273
17505,17709,0.0009286927757784724
17505,17710,0.017398615447746124
17585,17586,0.3511127189267427
17585,17789,0.03185329044787699
17586,18400,0.0007138485225355965
17586,17789,0.9201968599729864
17637,18679,5.114173758139865e-05
17653,17858,0.03351766802370548
17653,17859,0.000565889280551346
17653,18063,0.0010644520488789393
17653,18064,0.002501767497872527
17654,17858,0.000974548490679202
17654,17859,0.0035272819198534457
17654,18064,0.00013552895971478949
17666,18064,0.00028179406787953184
17666,18286,6.770635017222626e-05
17666,18679,3.764559556884706e-05
17709,17914,0.0005522019152219096
17789,17993,0.3369830714073032
17858,17859,0.0019686648520291783
17858,18063,0.0018617871516783322
17858,18064,0.003067013599629541
17858,18268,0.0018970788109982095
17858,18269,0.0002458988480741807
17858,18679,0.00014641743802599195
17859,18063,0.0011587975982588073
17859,18064,0.1629255901156766
17859,18269,0.000792509865090274
17859,18271,0.00011533408201103157
17859,18270,0.0017294949047936825
17885,18086,0.000445999158576645
17885,18088,0.0008313398599663439
17885,19714,0.0008526729502023045
17885,17886,0.00292417558375746
17886,17887,0.0018549003871157765
17887,19111,0.0008848268134897808
17914,18119,0.004233315587043762
18063,18064,0.13460745123708515
18063,18268,0.0023520659278368668
18063,18269,0.04451975302242394
18064,18076,3.800804207508759e-05
18064,18268,0.05873772924115222
18064,18269,0.07696956605809702
18064,18270,0.06349225742610805
18064,18271,0.0006756509085357058
18064,18884,3.357180088811342e-05
18064,19311,4.493213260586556e-05
18064,20510,2.1910137544509072e-05
18076,18281,0.006478096009232104
18076,18286,3.325583355614402e-05
18082,18285,0.0031352469814009964
18082,18286,0.0039912120201746615
18084,18086,0.0005313505844242172
18084,18285,0.0004397083303047111
18084,18286,0.24144406790943918
18084,19311,0.01150220232011634
18084,18085,0.2513508801583839
18085,18086,0.006061129184672609
18086,18087,0.0007646422600373626
18086,18088,0.0009379279799759388
18086,18286,0.0003181924711250097
18088,18285,0.0006132880119669911
18088,19108,0.010465246790166324
18088,18286,0.0001370112749219226
18092,18910,0.00698508132529696
18092,19112,0.12351308866285156
18268,18269,0.12610459326669698
18268,18477,0.001237053656950593
18268,18679,0.009311907772174284
18269,18477,0.0006882279579128538
18269,18679,0.0357309880633234
18269,18884,0.0001752650142050933
18269,18270,0.002705260383663699
18269,18475,0.0016459044916246057
18270,18271,0.0023922540713101625
18281,18283,0.010945554822683334
18281,18282,0.06710515450686216
18281,18485,0.0018987596267834306
18282,18283,0.00316901714541018
18282,18485,0.0015076093841344118
18285,18286,0.0023901249661404025
18285,19108,0.000983210628874076
18286,19108,0.0002959323331279765
18286,19111,4.60969373508843e-05
18286,19311,0.010468589329122386
18286,19704,6.762515310756155e-05
18302,18916,0.21649884647194995
18399,18602,0.3752360939979553
18475,18477,0.008101959712803364
18475,18679,0.0351857931895239
18477,18884,0.0005587603084982184
18477,18679,0.02612382783505988
18602,18805,0.8582108691334724
18679,18680,0.017952697460759736
18679,18884,0.11727607804272923
18679,19294,0.0002477504909014291
18679,20713,0.00020005036662675834
18680,18884,0.0648172752833115
18861,19272,0.0074928269695533345
18884,19089,0.10864181590714647
18884,19294,0.00045313729164523205
18894,19304,0.0014881840907037258
18894,19911,0.0017634837787391389
18894,19100,0.00124643393792212
18910,18911,0.006045958700984296
18910,19111,0.0003243716626976883
18910,19112,0.05275186481459233
18910,19113,0.01870837653768831
18910,19517,0.0004379576078181101
18910,19728,0.00024653639340093444
18911,19118,0.0010760127333924174
18911,18912,0.004655983507518613
18912,19118,0.0077480406034737825
18916,19120,0.0030621758978668367
19100,19304,0.0006381911371136084
19100,19305,0.1594836190342903
19100,19509,0.005271768546663225
19108,19311,0.009796565398573875
19110,19111,0.016990141157293692
19110,19517,0.2534283453812047
19110,19518,0.635067894058011
19111,19113,0.0005669858073815703
19111,19112,0.002583465752347062
19111,19517,0.0006859209388494492
19111,19518,0.004935891134664416
19120,19322,0.0014233006672819126
19272,19669,0.0011596447767866873
19304,19509,0.013861395884305239
19304,19911,0.0022319075651466846
19305,19509,0.0486342684016563
19305,19714,0.0024747223942540586
19322,19728,0.004256180269294418
19509,19714,0.008331567980349064
19509,20533,0.00015491943071942337
19513,19716,0.07911823689937592
19669,21910,0.0030474421077239335
19669,19671,0.009242740841727937
19671,21304,0.0014444770058616996
19704,19909,0.01938672616894804
19728,19930,0.0004060711227514789
19909,20115,0.03911340746830358
19909,20126,0.00020340842483881018
19924,20126,0.007273273076862097
19924,20128,0.004673128481954336
19924,20737,0.0010046501629403792
20126,20329,0.0008210660889744759
20126,20533,0.0004761923159498514
20126,20737,0.0009445554460398853
20128,20533,0.010804166428796533
20230,20433,0.01461296807974577
20329,20533,0.055698829184895736
20329,20737,0.01623236120258298
20510,20713,0.19284255773037273
20510,20714,0.025114888172720385
20510,20916,0.011510938261327952
20510,20917,0.005512559422140839
20510,21323,0.0005965933756669983
20533,20737,0.024960866399737627
20653,20856,0.5420621290316506
20653,20857,0.1575128131286571
20653,21059,0.05874686927667686
20653,21060,0.035267796312317454
20653,21058,0.0016563871904509142
20713,20714,0.9956967385718599
20713,20916,0.1397939024526403
20713,20917,0.19173717183730332
20713,21322,0.0005978044086077716
20714,20916,0.02166868519158065
20714,20917,0.529827281832695
20714,21120,0.004360675811767578
20714,21322,0.001713506761007011
20856,21059,0.4934559752466157
20856,21060,0.0790383880373459
20856,20857,0.008744323781684216
20856,21058,0.007093413586517272
20857,21059,0.0026556312028939524
20857,21060,0.3258041543061457
20916,20917,0.2894478630005897
20916,21120,0.00021096690616104752
20916,21322,0.0006489483173936605
20917,21120,0.004482732969336212
20917,21322,0.0006022952729836106
21058,21059,0.05284826084971428
21058,21465,0.00427972199395299
21059,21060,0.02325762898302249
21120,21323,0.003120998153463006
21303,21509,0.5333963967859745
21304,21305,0.48944953083992004
21305,21509,0.49997666190597556
21322,21522,0.0072943177074193954
21509,21715,0.0006652465381193906
21707,21910,0.0025581459049135447
21707,21715,0.0018554857233539224
21715,21716,0.006054847630972897
21910,21911,0.0018325078999623656
21910,22522,0.002561423694714904
21910,22318,0.009949696250259876
21911,22318,0.0025124005042016506
22318,22522,0.12262771278619766
23739,23942,0.10359622011310421
23739,23943,0.11864561835924785
23739,24146,0.018596330657601357
23740,23943,0.008333375325795108
23942,23943,0.13760960512824263
23942,24146,0.7408770024194382
23942,24554,0.11361987208510982
23943,24146,0.0032439928354506264
24146,24554,0.041748142801225185
24375,24578,0.0020337372552603483
24375,25188,0.0011081777047365904
24375,24781,0.0005343406926840543
24578,24781,0.5840608277590945
24781,25188,0.027386534865945576
24781,25189,0.000503412596299313
