scope,region,metric,eta,n,observed,mean,p025,p975,minimum,maximum,p_ge,p_le,distance_bins
holdout,shanxi,C,,200,0.4631192501269167,0.3326009723949811,0.3244047420710285,0.3405273870744345,0.3222603937729428,0.3442631136133737,0.0049751243781094,1.0,5
holdout,shanxi,Cw,,200,0.0022536853389636,0.0012965396153144,0.0012041659085441,0.001457410407302,0.0011594111119059,0.0015290319771425,0.0049751243781094,1.0,5
holdout,shanxi,Q,0.1,200,0.9637580649950594,0.9546560932358976,0.9498480793782528,0.9588517129129172,0.9482690214223064,0.9596833054055072,0.0049751243781094,1.0,5
holdout,shanxi,retention,0.1,200,0.8611111111111112,0.9051388888888888,0.8048611111111111,1.0,0.7777777777777778,1.0,0.8706467661691543,0.6268656716417911,5
holdout,shanxi,downstream_retention,0.1,200,0.8387096774193549,0.8898387096774192,0.7733870967741936,1.0,0.7419354838709677,1.0,0.8706467661691543,0.6268656716417911,5
holdout,shanxi,Q,0.5,200,0.9280360310226556,0.906939403810022,0.8993064029700432,0.9135543382373648,0.8883223400954535,0.914908271383516,0.0049751243781094,1.0,5
holdout,shanxi,retention,0.5,200,0.8055555555555556,0.8381944444444445,0.7777777777777778,0.8611111111111112,0.6666666666666666,0.9722222222222222,0.9154228855721394,0.2835820895522388,5
holdout,shanxi,downstream_retention,0.5,200,0.7741935483870968,0.8120967741935482,0.7419354838709677,0.8387096774193549,0.6129032258064516,0.967741935483871,0.9154228855721394,0.2835820895522388,5
holdout,shanxi,Q,1.0,200,0.8965776926066259,0.8688774189460499,0.858424589538577,0.8770501126639845,0.8497715614798844,0.8785086719089896,0.0049751243781094,1.0,5
holdout,shanxi,retention,1.0,200,0.8055555555555556,0.8209722222222223,0.75,0.8611111111111112,0.6666666666666666,0.9166666666666666,0.7810945273631841,0.4228855721393035,5
holdout,shanxi,downstream_retention,1.0,200,0.7741935483870968,0.7920967741935483,0.7096774193548387,0.8387096774193549,0.6129032258064516,0.9032258064516128,0.7810945273631841,0.4228855721393035,5
holdout,shanxi,Q,1.5,200,0.8710579699712224,0.840138284062875,0.8280566201785283,0.8497786648843643,0.8243591934792639,0.8532483486601568,0.0049751243781094,1.0,5
holdout,shanxi,retention,1.5,200,0.8055555555555556,0.8090277777777777,0.7222222222222222,0.8611111111111112,0.6666666666666666,0.9166666666666666,0.6716417910447762,0.5422885572139303,5
holdout,shanxi,downstream_retention,1.5,200,0.7741935483870968,0.778225806451613,0.6774193548387096,0.8387096774193549,0.6129032258064516,0.9032258064516128,0.6716417910447762,0.5422885572139303,5
holdout,shanxi,Q,2.0,200,0.8476654501137951,0.815784042553075,0.8016516977267013,0.8278373273497679,0.7964386071998141,0.8316243792885208,0.0049751243781094,1.0,5
holdout,shanxi,retention,2.0,200,0.8055555555555556,0.8030555555555554,0.7215277777777778,0.8611111111111112,0.6388888888888888,0.9166666666666666,0.6318407960199005,0.6119402985074627,5
holdout,shanxi,downstream_retention,2.0,200,0.7741935483870968,0.7712903225806451,0.6766129032258065,0.8387096774193549,0.5806451612903226,0.9032258064516128,0.6318407960199005,0.6119402985074627,5
holdout,shanxi,Q,3.0,200,0.8102716722187027,0.7747267594493771,0.7577169480384108,0.7883107177233977,0.7482160946982872,0.7969254908524577,0.0049751243781094,1.0,5
holdout,shanxi,retention,3.0,200,0.8055555555555556,0.7902777777777779,0.6944444444444444,0.8611111111111112,0.6388888888888888,0.8888888888888888,0.5024875621890548,0.7213930348258707,5
holdout,shanxi,downstream_retention,3.0,200,0.7741935483870968,0.7564516129032259,0.6451612903225806,0.8387096774193549,0.5806451612903226,0.8709677419354839,0.5024875621890548,0.7213930348258707,5
holdout,INGV,C,,200,0.3458447484630057,0.2242211268420708,0.2097814946220664,0.2407552728356471,0.2012039052672089,0.2483762039973032,0.0049751243781094,1.0,5
holdout,INGV,Cw,,200,0.0060225234837906,0.0023407073354179,0.001781723106173,0.0033362199033145,0.001672640193797,0.0036736887836748,0.0049751243781094,1.0,5
holdout,INGV,Q,0.1,200,0.9951896838295516,0.991801254229411,0.9902707844832804,0.9928456156110608,0.9894875541365566,0.9931216042482532,0.0049751243781094,1.0,5
holdout,INGV,retention,0.1,200,1.0,0.9543859649122808,0.6491228070175439,1.0,0.543859649122807,1.0,0.8557213930348259,1.0,5
holdout,INGV,downstream_retention,0.1,200,1.0,0.9490196078431372,0.6078431372549019,1.0,0.4901960784313725,1.0,0.8557213930348259,1.0,5
holdout,INGV,Q,0.5,200,0.9825872227308208,0.9756117466043924,0.9728747215650996,0.9786387191409748,0.9719666214016864,0.9792126929520576,0.0049751243781094,1.0,5
holdout,INGV,retention,0.5,200,1.0,0.8839473684210526,0.5087719298245614,1.0,0.3684210526315789,1.0,0.6119402985074627,1.0,5
holdout,INGV,downstream_retention,0.5,200,1.0,0.8702941176470589,0.4509803921568627,1.0,0.2941176470588235,1.0,0.6119402985074627,1.0,5
holdout,INGV,Q,1.0,200,0.9699632467432292,0.9603224554602916,0.956163710719634,0.9646822215631984,0.9539857295766364,0.9671590000271658,0.0049751243781094,1.0,5
holdout,INGV,retention,1.0,200,1.0,0.7899122807017543,0.3684210526315789,1.0,0.3157894736842105,1.0,0.3880597014925373,1.0,5
holdout,INGV,downstream_retention,1.0,200,1.0,0.7651960784313726,0.2941176470588235,1.0,0.2352941176470588,1.0,0.3880597014925373,1.0,5
holdout,INGV,Q,1.5,200,0.9589148321965436,0.94670298235716,0.941210020437202,0.9522674635837872,0.9392065953402684,0.9554115820548694,0.0049751243781094,1.0,5
holdout,INGV,retention,1.5,200,1.0,0.7471929824561403,0.3684210526315789,1.0,0.3157894736842105,1.0,0.2935323383084577,1.0,5
holdout,INGV,downstream_retention,1.5,200,1.0,0.7174509803921567,0.2941176470588235,1.0,0.2352941176470588,1.0,0.2935323383084577,1.0,5
holdout,INGV,Q,2.0,200,0.9482884578693168,0.9339569228762388,0.9275742711285468,0.9405817619593266,0.9247996636183262,0.94389475992691,0.0049751243781094,1.0,5
holdout,INGV,retention,2.0,200,1.0,0.7054385964912281,0.3679824561403508,1.0,0.2456140350877192,1.0,0.2139303482587064,1.0,5
holdout,INGV,downstream_retention,2.0,200,1.0,0.6707843137254901,0.2936274509803921,1.0,0.1568627450980392,1.0,0.2139303482587064,1.0,5
holdout,INGV,Q,3.0,200,0.9271571192379408,0.910835458108748,0.902533735291093,0.919546369345343,0.9003555670799639,0.922180034636564,0.0049751243781094,1.0,5
holdout,INGV,retention,3.0,200,1.0,0.643157894736842,0.3333333333333333,1.0,0.2456140350877192,1.0,0.154228855721393,1.0,5
holdout,INGV,downstream_retention,3.0,200,1.0,0.6011764705882353,0.2549019607843137,1.0,0.1568627450980392,1.0,0.154228855721393,1.0,5
holdout,chuandian,C,,200,0.3999319031526084,0.2475878127240197,0.232168297726898,0.2616809568861702,0.2226396745465466,0.266390449260383,0.0049751243781094,1.0,5
holdout,chuandian,Cw,,200,0.0064868671004726,0.0037414542658545,0.0033812755312687,0.0041823206145262,0.0032558979324745,0.0044312862635142,0.0049751243781094,1.0,5
holdout,chuandian,Q,0.1,200,0.9959857102686588,0.9932808070766118,0.992377175135642,0.99388916118699,0.9918470649758068,0.994059564318653,0.0049751243781094,1.0,5
holdout,chuandian,retention,0.1,200,0.9443099273607748,0.9297699757869248,0.7723970944309927,0.9975786924939468,0.7046004842615012,1.0,0.4825870646766169,0.5771144278606966,5
holdout,chuandian,downstream_retention,0.1,200,0.9429280397022332,0.9280272952853598,0.7667493796526055,0.9975186104218362,0.6972704714640199,1.0,0.4825870646766169,0.5771144278606966,5
holdout,chuandian,Q,0.5,200,0.986919595305003,0.9814617199824248,0.97980978787184,0.9828845690075136,0.9785747146512596,0.9837041613205618,0.0049751243781094,1.0,5
holdout,chuandian,retention,0.5,200,0.9200968523002422,0.9163801452784504,0.7481840193704601,0.9975786924939468,0.6949152542372882,0.9975786924939468,0.5920398009950248,0.4676616915422885,5
holdout,chuandian,downstream_retention,0.5,200,0.9181141439205956,0.914305210918114,0.7419354838709677,0.9975186104218362,0.6873449131513648,0.9975186104218362,0.5920398009950248,0.4676616915422885,5
holdout,chuandian,Q,1.0,200,0.9765828159209772,0.968964872609358,0.9663812645516224,0.9713667876260136,0.9650076623561984,0.9725042861114724,0.0049751243781094,1.0,5
holdout,chuandian,retention,1.0,200,0.9200968523002422,0.9087772397094432,0.7044794188861986,0.9927360774818402,0.6803874092009685,0.9975786924939468,0.5621890547263682,0.5124378109452736,5
holdout,chuandian,downstream_retention,1.0,200,0.9181141439205956,0.9065136476426798,0.6971464019851117,0.9925558312655088,0.6724565756823822,0.9975186104218362,0.5621890547263682,0.5124378109452736,5
holdout,chuandian,Q,1.5,200,0.9665615632816736,0.9573021196079168,0.953745615665545,0.9605327179831796,0.9517844056596584,0.9622720653642832,0.0049751243781094,1.0,5
holdout,chuandian,retention,1.5,200,0.9200968523002422,0.9019249394673122,0.7044794188861986,0.9880145278450364,0.6755447941888619,0.9927360774818402,0.527363184079602,0.5422885572139303,5
holdout,chuandian,downstream_retention,1.5,200,0.9181141439205956,0.8994913151364764,0.6971464019851117,0.9877171215880892,0.6674937965260546,0.9925558312655088,0.527363184079602,0.5422885572139303,5
holdout,chuandian,Q,2.0,200,0.956599602819429,0.9461310683467916,0.941879749614599,0.9500298708593238,0.9394760688777676,0.9523213057042909,0.0049751243781094,1.0,5
holdout,chuandian,retention,2.0,200,0.9200968523002422,0.8971428571428571,0.7046004842615012,0.9878934624697336,0.6755447941888619,0.9927360774818402,0.4776119402985074,0.5870646766169154,5
holdout,chuandian,downstream_retention,2.0,200,0.9181141439205956,0.894590570719603,0.6972704714640199,0.9875930521091812,0.6674937965260546,0.9925558312655088,0.4776119402985074,0.5870646766169154,5
holdout,chuandian,Q,3.0,200,0.936758690568698,0.9247905614129548,0.9179666909949796,0.9306441522369476,0.9159343769306988,0.9332603667028314,0.0049751243781094,1.0,5
holdout,chuandian,retention,3.0,200,0.9200968523002422,0.8864285714285713,0.6997578692493946,0.9831113801452784,0.6755447941888619,0.9927360774818402,0.4228855721393035,0.6517412935323383,5
holdout,chuandian,downstream_retention,3.0,200,0.9181141439205956,0.8836104218362283,0.6923076923076923,0.9826923076923076,0.6674937965260546,0.9925558312655088,0.4228855721393035,0.6517412935323383,5
holdout,southern_california,C,,200,0.4580886944419383,0.3331950959278973,0.3261920436978923,0.3400362354268521,0.3244869401368095,0.3426451341721462,0.0049751243781094,1.0,5
holdout,southern_california,Cw,,200,0.0015976328316688,0.0008046420416417,0.0007057984477358,0.0011786109310718,0.0006644573911474,0.0012304493076352,0.0049751243781094,1.0,5
holdout,southern_california,Q,0.1,200,0.9857241880952808,0.9812252679398372,0.9797367424821156,0.9826198640928396,0.9789805463499972,0.983004988791628,0.0049751243781094,1.0,5
holdout,southern_california,retention,0.1,200,0.9936724263811146,0.9013567778048188,0.5818812363105379,0.9941591628133366,0.4293015332197615,0.9941591628133366,0.3184079601990049,0.8059701492537313,5
holdout,southern_california,downstream_retention,0.1,200,0.9936585365853658,0.901140243902439,0.5809634146341464,0.9941463414634146,0.4280487804878048,0.9941463414634146,0.3184079601990049,0.8059701492537313,5
holdout,southern_california,Q,0.5,200,0.9631056902884984,0.9564253008418784,0.9537652744958952,0.9591178787274608,0.9516189894730472,0.9611270004774468,0.0049751243781094,1.0,5
holdout,southern_california,retention,0.5,200,0.9936724263811146,0.839486493064006,0.4821550255536627,0.9941591628133366,0.4293015332197615,0.9941591628133366,0.0646766169154228,0.965174129353234,5
holdout,southern_california,downstream_retention,0.5,200,0.9936585365853658,0.8391341463414633,0.4810182926829268,0.9941463414634146,0.4280487804878048,0.9941463414634146,0.0646766169154228,0.965174129353234,5
holdout,southern_california,Q,1.0,200,0.944300868906028,0.9357880021277504,0.9324036570981727,0.9392142572308576,0.9306844105437546,0.9408260924970708,0.0049751243781094,1.0,5
holdout,southern_california,retention,1.0,200,0.7731808225845704,0.7796605013385252,0.4430640058408372,0.9926989535166708,0.3365782428814797,0.9941591628133366,0.6965174129353234,0.308457711442786,5
holdout,southern_california,downstream_retention,1.0,200,0.7726829268292683,0.7791768292682927,0.4418414634146341,0.9926829268292684,0.3351219512195122,0.9941463414634146,0.6965174129353234,0.308457711442786,5
holdout,southern_california,Q,1.5,200,0.9289701714019544,0.9198160850123398,0.915119660177855,0.9237791798027628,0.9144089895961484,0.9253987430072004,0.0049751243781094,1.0,5
holdout,southern_california,retention,1.5,200,0.7731808225845704,0.7422024823558044,0.4339559503528839,0.9736067169627648,0.2937454368459479,0.9936724263811146,0.582089552238806,0.4228855721393035,5
holdout,southern_california,downstream_retention,1.5,200,0.7726829268292683,0.7416365853658536,0.4327134146341463,0.9735487804878048,0.2921951219512195,0.9936585365853658,0.582089552238806,0.4228855721393035,5
holdout,southern_california,Q,2.0,200,0.916629221477687,0.9068866093216336,0.9022431293925746,0.9113568809859264,0.901365930940687,0.912646114722733,0.0049751243781094,1.0,5
holdout,southern_california,retention,2.0,200,0.8126064735945485,0.7209053297639327,0.4327695302993429,0.9547335118033584,0.292771963981504,0.9936724263811146,0.4228855721393035,0.582089552238806,5
holdout,southern_california,downstream_retention,2.0,200,0.8121951219512196,0.7202926829268292,0.4315243902439024,0.9546341463414634,0.2912195121951219,0.9936585365853658,0.4228855721393035,0.582089552238806,5
holdout,southern_california,Q,3.0,200,0.8967615258637864,0.884661272810172,0.8797886802085879,0.8896599261833741,0.877313714610175,0.8906085213757698,0.0049751243781094,1.0,5
holdout,southern_california,retention,3.0,200,0.8126064735945485,0.6722633244098322,0.3676016062302263,0.9542528595765394,0.3020199561937211,0.9917254806522268,0.2686567164179104,0.7412935323383084,5
holdout,southern_california,downstream_retention,3.0,200,0.8121951219512196,0.6715439024390244,0.3662134146341463,0.9541524390243902,0.3004878048780487,0.9917073170731708,0.2686567164179104,0.7412935323383084,5
holdout,shanxi,C,,200,0.4631192501269167,0.3638710282209444,0.3550691680713925,0.3727661123284229,0.3520990486808554,0.3745226151869385,0.0049751243781094,1.0,10
holdout,shanxi,Cw,,200,0.0022536853389636,0.0014429271653639,0.0013145098778277,0.0015804572814143,0.0012466959676554,0.0017940815324952,0.0049751243781094,1.0,10
holdout,shanxi,Q,0.1,200,0.9637580649950594,0.957872688482087,0.9530244131516794,0.9617218508806668,0.951012660157142,0.9625631474347488,0.0049751243781094,1.0,10
holdout,shanxi,retention,0.1,200,0.8611111111111112,0.92375,0.8333333333333334,1.0,0.8055555555555556,1.0,0.9054726368159204,0.527363184079602,10
holdout,shanxi,downstream_retention,0.1,200,0.8387096774193549,0.9114516129032256,0.8064516129032258,1.0,0.7741935483870968,1.0,0.9054726368159204,0.527363184079602,10
holdout,shanxi,Q,0.5,200,0.9280360310226556,0.9090892834119088,0.9011080860382464,0.9151456728009932,0.8990856456486238,0.919091677101553,0.0049751243781094,1.0,10
holdout,shanxi,retention,0.5,200,0.8055555555555556,0.8477777777777777,0.8055555555555556,0.8611111111111112,0.7777777777777778,1.0,0.9800995024875622,0.1144278606965174,10
holdout,shanxi,downstream_retention,0.5,200,0.7741935483870968,0.8232258064516128,0.7741935483870968,0.8387096774193549,0.7419354838709677,1.0,0.9800995024875622,0.1144278606965174,10
holdout,shanxi,Q,1.0,200,0.8965776926066259,0.8713989957724708,0.8620054845102775,0.88010714676513,0.8587780990307802,0.8818699315920633,0.0049751243781094,1.0,10
holdout,shanxi,retention,1.0,200,0.8055555555555556,0.8363888888888888,0.7777777777777778,0.8611111111111112,0.75,0.9722222222222222,0.9353233830845772,0.2238805970149253,10
holdout,shanxi,downstream_retention,1.0,200,0.7741935483870968,0.81,0.7419354838709677,0.8387096774193549,0.7096774193548387,0.967741935483871,0.9353233830845772,0.2238805970149253,10
holdout,shanxi,Q,1.5,200,0.8710579699712224,0.8433380893202308,0.831907422849772,0.8527899361420661,0.8282223544171622,0.85661769681244,0.0049751243781094,1.0,10
holdout,shanxi,retention,1.5,200,0.8055555555555556,0.8290277777777777,0.75,0.8611111111111112,0.7222222222222222,0.9444444444444444,0.900497512437811,0.3233830845771144,10
holdout,shanxi,downstream_retention,1.5,200,0.7741935483870968,0.8014516129032258,0.7096774193548387,0.8387096774193549,0.6774193548387096,0.935483870967742,0.900497512437811,0.3233830845771144,10
holdout,shanxi,Q,2.0,200,0.8476654501137951,0.8196658525017928,0.8057656260950736,0.8307002005843169,0.8000873274088287,0.8360007969471039,0.0049751243781094,1.0,10
holdout,shanxi,retention,2.0,200,0.8055555555555556,0.8202777777777779,0.75,0.8611111111111112,0.7222222222222222,0.9444444444444444,0.835820895522388,0.4129353233830846,10
holdout,shanxi,downstream_retention,2.0,200,0.7741935483870968,0.7912903225806451,0.7096774193548387,0.8387096774193549,0.6774193548387096,0.935483870967742,0.835820895522388,0.4129353233830846,10
holdout,shanxi,Q,3.0,200,0.8102716722187027,0.7801279177716443,0.7637404259538294,0.7939735672191679,0.7607043750038875,0.8029226130264905,0.0049751243781094,1.0,10
holdout,shanxi,retention,3.0,200,0.8055555555555556,0.8115277777777777,0.7493055555555556,0.8611111111111112,0.6944444444444444,0.9444444444444444,0.7562189054726368,0.4875621890547263,10
holdout,shanxi,downstream_retention,3.0,200,0.7741935483870968,0.7811290322580646,0.7088709677419356,0.8387096774193549,0.6451612903225806,0.935483870967742,0.7562189054726368,0.4875621890547263,10
holdout,INGV,C,,200,0.3458447484630057,0.2655159597463893,0.2532397132213919,0.2786761103932475,0.2515837464186211,0.2823362223747293,0.0049751243781094,1.0,10
holdout,INGV,Cw,,200,0.0060225234837906,0.0031530322921527,0.0026050971824939,0.0041104487603162,0.0025304163555207,0.0045669946077789,0.0049751243781094,1.0,10
holdout,INGV,Q,0.1,200,0.9951896838295516,0.99360793373993,0.992763824869882,0.994244921699546,0.992178778038568,0.9943551390249572,0.0049751243781094,1.0,10
holdout,INGV,retention,0.1,200,1.0,0.9543859649122808,0.6491228070175439,1.0,0.6491228070175439,1.0,0.8706467661691543,1.0,10
holdout,INGV,downstream_retention,0.1,200,1.0,0.9490196078431372,0.6078431372549019,1.0,0.6078431372549019,1.0,0.8706467661691543,1.0,10
holdout,INGV,Q,0.5,200,0.9825872227308208,0.9778770703903756,0.9760518824189792,0.9795811709248884,0.9751375012889716,0.9803938183363068,0.0049751243781094,1.0,10
holdout,INGV,retention,0.5,200,1.0,0.8684210526315789,0.5087719298245614,1.0,0.3333333333333333,1.0,0.582089552238806,1.0,10
holdout,INGV,downstream_retention,0.5,200,1.0,0.8529411764705881,0.4509803921568627,1.0,0.2549019607843137,1.0,0.582089552238806,1.0,10
holdout,INGV,Q,1.0,200,0.9699632467432292,0.9627908495497856,0.9594600232204176,0.965666053005931,0.9588208502997448,0.9670422283538712,0.0049751243781094,1.0,10
holdout,INGV,retention,1.0,200,1.0,0.7775438596491229,0.3684210526315789,1.0,0.3333333333333333,1.0,0.36318407960199,1.0,10
holdout,INGV,downstream_retention,1.0,200,1.0,0.7513725490196077,0.2941176470588235,1.0,0.2549019607843137,1.0,0.36318407960199,1.0,10
holdout,INGV,Q,1.5,200,0.9589148321965436,0.9492415929874614,0.94479884243367,0.9530741024308078,0.9440100238850307,0.9542775854993564,0.0049751243781094,1.0,10
holdout,INGV,retention,1.5,200,1.0,0.7233333333333334,0.3684210526315789,1.0,0.3333333333333333,1.0,0.2537313432835821,1.0,10
holdout,INGV,downstream_retention,1.5,200,1.0,0.6907843137254901,0.2941176470588235,1.0,0.2549019607843137,1.0,0.2537313432835821,1.0,10
holdout,INGV,Q,2.0,200,0.9482884578693168,0.9365048601979692,0.930418594569473,0.941183119110945,0.9296731281548318,0.9423168703258964,0.0049751243781094,1.0,10
holdout,INGV,retention,2.0,200,1.0,0.703859649122807,0.3684210526315789,1.0,0.3333333333333333,1.0,0.2338308457711442,1.0,10
holdout,INGV,downstream_retention,2.0,200,1.0,0.6690196078431373,0.2941176470588235,1.0,0.2549019607843137,1.0,0.2338308457711442,1.0,10
holdout,INGV,Q,3.0,200,0.9271571192379408,0.9128838449162168,0.9045180598923376,0.9187001329979774,0.9029570060848048,0.920616788657668,0.0049751243781094,1.0,10
holdout,INGV,retention,3.0,200,1.0,0.6691228070175438,0.3675438596491228,1.0,0.3333333333333333,1.0,0.1343283582089552,1.0,10
holdout,INGV,downstream_retention,3.0,200,1.0,0.6301960784313725,0.2931372549019608,1.0,0.2549019607843137,1.0,0.1343283582089552,1.0,10
holdout,chuandian,C,,200,0.3999319031526084,0.2923868960188614,0.2803471810434685,0.3036656644542754,0.2762238038033805,0.3055163847456539,0.0049751243781094,1.0,10
holdout,chuandian,Cw,,200,0.0064868671004726,0.0042826007578678,0.0040481350486301,0.0046102851109291,0.0039609746296434,0.0049182198193809,0.0049751243781094,1.0,10
holdout,chuandian,Q,0.1,200,0.9959857102686588,0.9944647215227728,0.9937495080766284,0.9950065169193076,0.9931860094909531,0.995093265968607,0.0049751243781094,1.0,10
holdout,chuandian,retention,0.1,200,0.9443099273607748,0.9317796610169492,0.847457627118644,0.9975786924939468,0.7651331719128329,1.0,0.4427860696517413,0.6368159203980099,10
holdout,chuandian,downstream_retention,0.1,200,0.9429280397022332,0.9300868486352356,0.8436724565756824,0.9975186104218362,0.7593052109181141,1.0,0.4427860696517413,0.6368159203980099,10
holdout,chuandian,Q,0.5,200,0.986919595305003,0.983323783269745,0.981361689487956,0.9846312573135976,0.9803723126018232,0.9847857636646138,0.0049751243781094,1.0,10
holdout,chuandian,retention,0.5,200,0.9200968523002422,0.9245883777239712,0.8304479418886198,0.9878934624697336,0.7530266343825666,0.9975786924939468,0.6666666666666666,0.572139303482587,10
holdout,chuandian,downstream_retention,0.5,200,0.9181141439205956,0.9227171215880892,0.8262406947890819,0.9875930521091812,0.7468982630272953,0.9975186104218362,0.6666666666666666,0.572139303482587,10
holdout,chuandian,Q,1.0,200,0.9765828159209772,0.9715130777401998,0.9688133758054518,0.9733257465857988,0.96759925514544,0.9740595692390652,0.0049751243781094,1.0,10
holdout,chuandian,retention,1.0,200,0.9200968523002422,0.9187530266343826,0.8274818401937046,0.973365617433414,0.7578692493946732,0.9878934624697336,0.6069651741293532,0.6417910447761194,10
holdout,chuandian,downstream_retention,1.0,200,0.9181141439205956,0.9167369727047148,0.8232009925558312,0.9727047146401984,0.7518610421836228,0.9875930521091812,0.6069651741293532,0.6417910447761194,10
holdout,chuandian,Q,1.5,200,0.9665615632816736,0.9603871288023816,0.9572226646012092,0.9630359431964116,0.9553988262188856,0.9638745861193738,0.0049751243781094,1.0,10
holdout,chuandian,retention,1.5,200,0.9200968523002422,0.9164406779661016,0.8204600484261502,0.973365617433414,0.7723970944309927,0.9830508474576272,0.6069651741293532,0.7014925373134329,10
holdout,chuandian,downstream_retention,1.5,200,0.9181141439205956,0.9143672456575682,0.8160049627791564,0.9727047146401984,0.7667493796526055,0.9826302729528535,0.6069651741293532,0.7014925373134329,10
holdout,chuandian,Q,2.0,200,0.956599602819429,0.9497001975000512,0.9459311012653464,0.9531265784348766,0.9435873206170956,0.954226658018726,0.0049751243781094,1.0,10
holdout,chuandian,retention,2.0,200,0.9200968523002422,0.9142372881355932,0.8280871670702179,0.973365617433414,0.7530266343825666,0.9830508474576272,0.5771144278606966,0.7164179104477612,10
holdout,chuandian,downstream_retention,2.0,200,0.9181141439205956,0.9121091811414394,0.8238213399503722,0.9727047146401984,0.7468982630272953,0.9826302729528535,0.5771144278606966,0.7164179104477612,10
holdout,chuandian,Q,3.0,200,0.936758690568698,0.9288811417066296,0.9238493087843084,0.9331903114179656,0.9210517660706308,0.9356858272568128,0.0049751243781094,1.0,10
holdout,chuandian,retention,3.0,200,0.9200968523002422,0.9078208232445522,0.8013922518159806,0.973365617433414,0.7530266343825666,0.9830508474576272,0.5174129353233831,0.7860696517412935,10
holdout,chuandian,downstream_retention,3.0,200,0.9181141439205956,0.9055334987593052,0.7964640198511166,0.9727047146401984,0.7468982630272953,0.9826302729528535,0.5174129353233831,0.7860696517412935,10
holdout,southern_california,C,,200,0.4580886944419383,0.3789165512022788,0.3722609159125321,0.3864963516944716,0.367674805282184,0.389493820970528,0.0049751243781094,1.0,10
holdout,southern_california,Cw,,200,0.0015976328316688,0.0010709278500475,0.0008104277244734,0.0013258166532161,0.0007779535198104,0.00135785626441,0.0049751243781094,1.0,10
holdout,southern_california,Q,0.1,200,0.9857241880952808,0.9836927779771568,0.9824696924425032,0.9847358312940998,0.982049012892005,0.985120771880196,0.0049751243781094,1.0,10
holdout,southern_california,retention,0.1,200,0.9936724263811146,0.94269773667559,0.6560294475541494,0.9941591628133366,0.4718909710391822,0.9941591628133366,0.5771144278606966,0.6766169154228856,10
holdout,southern_california,downstream_retention,0.1,200,0.9936585365853658,0.942571951219512,0.6552743902439024,0.9941463414634146,0.4707317073170731,0.9941463414634146,0.5771144278606966,0.6766169154228856,10
holdout,southern_california,Q,0.5,200,0.9631056902884984,0.958791417443302,0.9568101136766411,0.9607324571413998,0.9563228762576612,0.9618671113354212,0.0049751243781094,1.0,10
holdout,southern_california,retention,0.5,200,0.9936724263811146,0.8818994889267461,0.5699683621319056,0.9941591628133366,0.4310051107325383,0.9941591628133366,0.099502487562189,0.945273631840796,10
holdout,southern_california,downstream_retention,0.5,200,0.9936585365853658,0.881640243902439,0.5690243902439024,0.9941463414634146,0.4297560975609756,0.9941463414634146,0.099502487562189,0.945273631840796,10
holdout,southern_california,Q,1.0,200,0.944300868906028,0.9382005444222312,0.9356269429664212,0.9406535886147156,0.9347489631330116,0.9421122562501966,0.0049751243781094,1.0,10
holdout,southern_california,retention,1.0,200,0.7731808225845704,0.840995376003894,0.5008152835239718,0.9936724263811146,0.4297882696519834,0.9939157945972256,0.8208955223880597,0.1940298507462686,10
holdout,southern_california,downstream_retention,1.0,200,0.7726829268292683,0.8406463414634147,0.4997195121951219,0.9936585365853658,0.4285365853658536,0.9939024390243902,0.8208955223880597,0.1940298507462686,10
holdout,southern_california,Q,1.5,200,0.9289701714019544,0.9227122262088828,0.9193329762350126,0.9255326188226656,0.9182710381521694,0.9281455085907876,0.0049751243781094,1.0,10
holdout,southern_california,retention,1.5,200,0.7731808225845704,0.8338476514967147,0.5176563640788513,0.9929544901435872,0.404234606960331,0.9936724263811146,0.8308457711442786,0.1940298507462686,10
holdout,southern_california,downstream_retention,1.5,200,0.7726829268292683,0.8334829268292683,0.5165975609756098,0.992939024390244,0.4029268292682927,0.9936585365853658,0.8308457711442786,0.1940298507462686,10
holdout,southern_california,Q,2.0,200,0.916629221477687,0.9103441132485608,0.9066245103188102,0.913161433562573,0.9049976440670484,0.9157510829111284,0.0049751243781094,1.0,10
holdout,southern_california,retention,2.0,200,0.8126064735945485,0.8006412752494524,0.4310051107325383,0.9924616695059626,0.2815770260403991,0.9936724263811146,0.6716417910447762,0.3383084577114428,10
holdout,southern_california,downstream_retention,2.0,200,0.8121951219512196,0.8002036585365854,0.4297560975609756,0.9924451219512196,0.28,0.9936585365853658,0.6716417910447762,0.3383084577114428,10
holdout,southern_california,Q,3.0,200,0.8967615258637864,0.8889676825822841,0.8845311012058721,0.8928592808049854,0.8828021651468795,0.8943838147596382,0.0049751243781094,1.0,10
holdout,southern_california,retention,3.0,200,0.8126064735945485,0.759699440253103,0.4309990265271355,0.9922122170844488,0.2815770260403991,0.9934290581650036,0.4825870646766169,0.5223880597014925,10
holdout,southern_california,downstream_retention,3.0,200,0.8121951219512196,0.7591719512195121,0.42975,0.9921951219512196,0.28,0.9934146341463416,0.4825870646766169,0.5223880597014925,10
holdout,shanxi,C,,200,0.4631192501269167,0.3752819359209347,0.3683675722436091,0.384206517745469,0.3633156764691133,0.3852427896586753,0.0049751243781094,1.0,20
holdout,shanxi,Cw,,200,0.0022536853389636,0.0015435113132791,0.0014494278696437,0.001681896536911,0.0014044448717903,0.0017683696992388,0.0049751243781094,1.0,20
holdout,shanxi,Q,0.1,200,0.9637580649950594,0.9596422459905096,0.9559307457339284,0.9632203014677496,0.9544529538451546,0.9644427004156776,0.0199004975124378,0.9850746268656716,20
holdout,shanxi,retention,0.1,200,0.8611111111111112,0.9165277777777776,0.8333333333333334,1.0,0.8055555555555556,1.0,0.8756218905472637,0.572139303482587,20
holdout,shanxi,downstream_retention,0.1,200,0.8387096774193549,0.9030645161290324,0.8064516129032258,1.0,0.7741935483870968,1.0,0.8756218905472637,0.572139303482587,20
holdout,shanxi,Q,0.5,200,0.9280360310226556,0.911542821699351,0.9043873184845276,0.917437894833274,0.897629102006383,0.9206065683068808,0.0049751243781094,1.0,20
holdout,shanxi,retention,0.5,200,0.8055555555555556,0.8497222222222222,0.8055555555555556,0.9722222222222222,0.7777777777777778,1.0,0.9950248756218906,0.1144278606965174,20
holdout,shanxi,downstream_retention,0.5,200,0.7741935483870968,0.8254838709677419,0.7741935483870968,0.967741935483871,0.7419354838709677,1.0,0.9950248756218906,0.1144278606965174,20
holdout,shanxi,Q,1.0,200,0.8965776926066259,0.875139620879208,0.8660743545182629,0.8817949874245453,0.859328028286119,0.8835232516182558,0.0049751243781094,1.0,20
holdout,shanxi,retention,1.0,200,0.8055555555555556,0.8376388888888888,0.8048611111111111,0.8611111111111112,0.75,0.9722222222222222,0.9751243781094528,0.1940298507462686,20
holdout,shanxi,downstream_retention,1.0,200,0.7741935483870968,0.8114516129032258,0.7733870967741936,0.8387096774193549,0.7096774193548387,0.967741935483871,0.9751243781094528,0.1940298507462686,20
holdout,shanxi,Q,1.5,200,0.8710579699712224,0.8482486175649119,0.8372210864918352,0.8562815626763737,0.8314945943587744,0.857601388388411,0.0049751243781094,1.0,20
holdout,shanxi,retention,1.5,200,0.8055555555555556,0.8298611111111112,0.7777777777777778,0.8611111111111112,0.75,0.9444444444444444,0.9502487562189056,0.2935323383084577,20
holdout,shanxi,downstream_retention,1.5,200,0.7741935483870968,0.8024193548387096,0.7419354838709677,0.8387096774193549,0.7096774193548387,0.935483870967742,0.9502487562189056,0.2935323383084577,20
holdout,shanxi,Q,2.0,200,0.8476654501137951,0.824959122277329,0.8133652616134375,0.8341075920128216,0.8063295302928573,0.835665184919875,0.0049751243781094,1.0,20
holdout,shanxi,retention,2.0,200,0.8055555555555556,0.8259722222222223,0.7777777777777778,0.8611111111111112,0.75,0.9444444444444444,0.9303482587064676,0.3333333333333333,20
holdout,shanxi,downstream_retention,2.0,200,0.7741935483870968,0.7979032258064517,0.7419354838709677,0.8387096774193549,0.7096774193548387,0.935483870967742,0.9303482587064676,0.3333333333333333,20
holdout,shanxi,Q,3.0,200,0.8102716722187027,0.7851034392821554,0.7725417027995409,0.7981109094400392,0.7613683924568668,0.8010429594275265,0.0049751243781094,1.0,20
holdout,shanxi,retention,3.0,200,0.8055555555555556,0.8184722222222223,0.7777777777777778,0.8611111111111112,0.75,0.8611111111111112,0.8756218905472637,0.4477611940298507,20
holdout,shanxi,downstream_retention,3.0,200,0.7741935483870968,0.7891935483870968,0.7419354838709677,0.8387096774193549,0.7096774193548387,0.8387096774193549,0.8756218905472637,0.4477611940298507,20
holdout,INGV,C,,200,0.3458447484630057,0.2909130423098165,0.2818033924043039,0.3021416168226012,0.2789432572977346,0.3077883394944378,0.0049751243781094,1.0,20
holdout,INGV,Cw,,200,0.0060225234837906,0.0042453457158832,0.0038422235200418,0.0052476499537185,0.0037556356464588,0.0053211124002128,0.0049751243781094,1.0,20
holdout,INGV,Q,0.1,200,0.9951896838295516,0.9943627388950436,0.9938410456388532,0.9947385487394828,0.9937174746997772,0.99497457129171,0.0049751243781094,1.0,20
holdout,INGV,retention,0.1,200,1.0,0.997719298245614,1.0,1.0,0.543859649122807,1.0,0.9950248756218906,1.0,20
holdout,INGV,downstream_retention,0.1,200,1.0,0.997450980392157,1.0,1.0,0.4901960784313725,1.0,0.9950248756218906,1.0,20
holdout,INGV,Q,0.5,200,0.9825872227308208,0.9797070721866612,0.9780175699784373,0.9809950416134916,0.9763129965628308,0.9813209990089036,0.0049751243781094,1.0,20
holdout,INGV,retention,0.5,200,1.0,0.765438596491228,0.5087719298245614,1.0,0.5087719298245614,1.0,0.4825870646766169,1.0,20
holdout,INGV,downstream_retention,0.5,200,1.0,0.7378431372549019,0.4509803921568627,1.0,0.4509803921568627,1.0,0.4825870646766169,1.0,20
holdout,INGV,Q,1.0,200,0.9699632467432292,0.9657427922732768,0.963374285412122,0.967927598440126,0.961373794669422,0.9687945717204955,0.0049751243781094,1.0,20
holdout,INGV,retention,1.0,200,1.0,0.7208771929824561,0.5087719298245614,1.0,0.5087719298245614,1.0,0.3781094527363184,1.0,20
holdout,INGV,downstream_retention,1.0,200,1.0,0.6880392156862746,0.4509803921568627,1.0,0.4509803921568627,1.0,0.3781094527363184,1.0,20
holdout,INGV,Q,1.5,200,0.9589148321965436,0.9531665584794968,0.9500681611778716,0.9563756992797896,0.9484780778384466,0.9575364601839638,0.0049751243781094,1.0,20
holdout,INGV,retention,1.5,200,1.0,0.720701754385965,0.5087719298245614,1.0,0.5087719298245614,1.0,0.373134328358209,1.0,20
holdout,INGV,downstream_retention,1.5,200,1.0,0.687843137254902,0.4509803921568627,1.0,0.4509803921568627,1.0,0.373134328358209,1.0,20
holdout,INGV,Q,2.0,200,0.9482884578693168,0.9416388942507118,0.9376367087928936,0.9459799340827704,0.9365719795561273,0.9474333475341276,0.0049751243781094,1.0,20
holdout,INGV,retention,2.0,200,1.0,0.7247368421052633,0.5087719298245614,1.0,0.5087719298245614,1.0,0.373134328358209,1.0,20
holdout,INGV,downstream_retention,2.0,200,1.0,0.6923529411764707,0.4509803921568627,1.0,0.4509803921568627,1.0,0.373134328358209,1.0,20
holdout,INGV,Q,3.0,200,0.9271571192379408,0.9194233756644556,0.9141369180989573,0.9257192823075784,0.9130118152247044,0.928147671090918,0.0099502487562189,0.9950248756218906,20
holdout,INGV,retention,3.0,200,1.0,0.6310526315789474,0.5087719298245614,1.0,0.5087719298245614,1.0,0.1641791044776119,1.0,20
holdout,INGV,downstream_retention,3.0,200,1.0,0.5876470588235294,0.4509803921568627,1.0,0.4509803921568627,1.0,0.1641791044776119,1.0,20
holdout,chuandian,C,,200,0.3999319031526084,0.316278712942299,0.3048099862044696,0.3286625635213643,0.3028905995425485,0.3322267804707137,0.0049751243781094,1.0,20
holdout,chuandian,Cw,,200,0.0064868671004726,0.0045914752280751,0.0044075408777687,0.0049202172576134,0.0043484022297277,0.0054766248502629,0.0049751243781094,1.0,20
holdout,chuandian,Q,0.1,200,0.9959857102686588,0.9949890896844006,0.9945359743914908,0.9953645716424012,0.9943567999594064,0.995468199381937,0.0049751243781094,1.0,20
holdout,chuandian,retention,0.1,200,0.9443099273607748,0.9334382566585956,0.847457627118644,0.9975786924939468,0.8426150121065376,1.0,0.4477611940298507,0.5920398009950248,20
holdout,chuandian,downstream_retention,0.1,200,0.9429280397022332,0.931786600496278,0.8436724565756824,0.9975186104218362,0.8387096774193549,1.0,0.4477611940298507,0.5920398009950248,20
holdout,chuandian,Q,0.5,200,0.986919595305003,0.984306399754089,0.983315561254452,0.9850622668723418,0.9824890142544308,0.985140907138433,0.0049751243781094,1.0,20
holdout,chuandian,retention,0.5,200,0.9200968523002422,0.9277118644067796,0.847457627118644,0.9878934624697336,0.8184019370460048,0.9975786924939468,0.6865671641791045,0.5174129353233831,20
holdout,chuandian,downstream_retention,0.5,200,0.9181141439205956,0.9259181141439206,0.8436724565756824,0.9875930521091812,0.8138957816377171,0.9975186104218362,0.6865671641791045,0.5174129353233831,20
holdout,chuandian,Q,1.0,200,0.9765828159209772,0.972924856769032,0.9714210688133594,0.9741679637732604,0.9704191777798644,0.9746209846969696,0.0049751243781094,1.0,20
holdout,chuandian,retention,1.0,200,0.9200968523002422,0.9261501210653752,0.847457627118644,0.973365617433414,0.8184019370460048,0.9975786924939468,0.6965174129353234,0.5870646766169154,20
holdout,chuandian,downstream_retention,1.0,200,0.9181141439205956,0.9243176178660052,0.8436724565756824,0.9727047146401984,0.8138957816377171,0.9975186104218362,0.6965174129353234,0.5870646766169154,20
holdout,chuandian,Q,1.5,200,0.9665615632816736,0.9620745781173023,0.9598934026839628,0.9639958517962348,0.95860156688501,0.9646734918193892,0.0049751243781094,1.0,20
holdout,chuandian,retention,1.5,200,0.9200968523002422,0.9262590799031476,0.847457627118644,0.973365617433414,0.8184019370460048,0.973365617433414,0.7263681592039801,0.5870646766169154,20
holdout,chuandian,downstream_retention,1.5,200,0.9181141439205956,0.9244292803970222,0.8436724565756824,0.9727047146401984,0.8138957816377171,0.9727047146401984,0.7263681592039801,0.5870646766169154,20
holdout,chuandian,Q,2.0,200,0.956599602819429,0.951453757188401,0.948665412800666,0.9540768596708706,0.946888204939101,0.9547923388786848,0.0049751243781094,1.0,20
holdout,chuandian,retention,2.0,200,0.9200968523002422,0.9208595641646488,0.8473970944309926,0.973365617433414,0.8184019370460048,0.9757869249394672,0.6616915422885572,0.6716417910447762,20
holdout,chuandian,downstream_retention,2.0,200,0.9181141439205956,0.9188957816377172,0.8436104218362283,0.9727047146401984,0.8138957816377171,0.9751861042183624,0.6616915422885572,0.6716417910447762,20
holdout,chuandian,Q,3.0,200,0.936758690568698,0.9306166981534068,0.9266158716818425,0.934406631462976,0.924175834865024,0.935268461940462,0.0049751243781094,1.0,20
holdout,chuandian,retention,3.0,200,0.9200968523002422,0.9176029055690073,0.8473970944309926,0.973365617433414,0.8184019370460048,0.973365617433414,0.6417910447761194,0.7164179104477612,20
holdout,chuandian,downstream_retention,3.0,200,0.9181141439205956,0.9155583126550868,0.8436104218362283,0.9727047146401984,0.8138957816377171,0.9727047146401984,0.6417910447761194,0.7164179104477612,20
holdout,southern_california,C,,200,0.4580886944419383,0.3948492912865932,0.3881825357446573,0.4020988973027277,0.3873851042740691,0.403878355210213,0.0049751243781094,1.0,20
holdout,southern_california,Cw,,200,0.0015976328316688,0.0010879125768415,0.0008457773369825,0.0013733012796988,0.000823969781189,0.0014236068527092,0.0049751243781094,1.0,20
holdout,southern_california,Q,0.1,200,0.9857241880952808,0.98458838553711,0.9834854894687904,0.9855261050836116,0.9832134235805934,0.9859295610444686,0.0248756218905472,0.9800995024875622,20
holdout,southern_california,retention,0.1,200,0.9936724263811146,0.9853808712582136,0.8659041129228523,0.9941591628133366,0.8143100511073254,0.9941591628133366,0.845771144278607,0.6766169154228856,20
holdout,southern_california,downstream_retention,0.1,200,0.9936585365853658,0.9853487804878048,0.865609756097561,0.9941463414634146,0.8139024390243902,0.9941463414634146,0.845771144278607,0.6766169154228856,20
holdout,southern_california,Q,0.5,200,0.9631056902884984,0.9595625663589876,0.957453826317348,0.9617047965208074,0.9560303035615698,0.9619665509635384,0.0049751243781094,1.0,20
holdout,southern_california,retention,0.5,200,0.9936724263811146,0.9269724993915796,0.6105256753467997,0.9941591628133366,0.4774884400097347,0.9941591628133366,0.3781094527363184,0.8706467661691543,20
holdout,southern_california,downstream_retention,0.5,200,0.9936585365853658,0.9268121951219512,0.6096707317073171,0.9941463414634146,0.4763414634146341,0.9941463414634146,0.3781094527363184,0.8706467661691543,20
holdout,southern_california,Q,1.0,200,0.944300868906028,0.9391388275983248,0.9368799528080598,0.9414180117980449,0.9341273332894464,0.9424455152651856,0.0049751243781094,1.0,20
holdout,southern_california,retention,1.0,200,0.7731808225845704,0.9015940618155268,0.5977123387685568,0.9941591628133366,0.4760282307130689,0.9941591628133366,0.8955223880597015,0.1243781094527363,20
holdout,southern_california,downstream_retention,1.0,200,0.7726829268292683,0.9013780487804876,0.5968292682926829,0.9941463414634146,0.4748780487804878,0.9941463414634146,0.8955223880597015,0.1243781094527363,20
holdout,southern_california,Q,1.5,200,0.9289701714019544,0.923105668904548,0.9203814463118276,0.9264622121387992,0.9189946521362912,0.9272149780879876,0.0049751243781094,1.0,20
holdout,southern_california,retention,1.5,200,0.7731808225845704,0.8642966658554393,0.5960878559260161,0.9936724263811146,0.4760282307130689,0.9941591628133366,0.8308457711442786,0.2139303482587064,20
holdout,southern_california,downstream_retention,1.5,200,0.7726829268292683,0.863998780487805,0.5952012195121951,0.9936585365853658,0.4748780487804878,0.9941463414634146,0.8308457711442786,0.2139303482587064,20
holdout,southern_california,Q,2.0,200,0.916629221477687,0.910669176333939,0.907642601371927,0.914024978984231,0.906410245004601,0.9155289407216296,0.0049751243781094,1.0,20
holdout,southern_california,retention,2.0,200,0.8126064735945485,0.832504258943782,0.4901375030421027,0.9936724263811146,0.4760282307130689,0.9941591628133366,0.6666666666666666,0.3532338308457711,20
holdout,southern_california,downstream_retention,2.0,200,0.8121951219512196,0.8321365853658537,0.4890182926829268,0.9936585365853658,0.4748780487804878,0.9941463414634146,0.6666666666666666,0.3532338308457711,20
holdout,southern_california,Q,3.0,200,0.8967615258637864,0.8894094749283691,0.8863731109413194,0.8930266384797357,0.8847803066388176,0.8937128591374554,0.0049751243781094,1.0,20
holdout,southern_california,retention,3.0,200,0.8126064735945485,0.7619505962521296,0.4769773667559017,0.9926989535166708,0.4563154052080798,0.9936724263811146,0.4079601990049751,0.6218905472636815,20
holdout,southern_california,downstream_retention,3.0,200,0.8121951219512196,0.7614280487804878,0.4758292682926829,0.9926829268292684,0.4551219512195122,0.9936585365853658,0.4079601990049751,0.6218905472636815,20
