region,display,dmax_km,eta,retained_events,target_events,retained_fraction,test_event_coverage,nodes,directed_edges,C_obs,Cw_obs,Q_obs,Q_sr_mean,Q_sr_q025,Q_sr_q975,Q_p_emp,R_obs,R_rw_mean,R_rw_q025,R_rw_q975,R_sr_mean,R_sr_q025,R_sr_q975,R_rw_p_ge,R_sr_p_ge,R_sr_p_le
shanxi,Shanxi,12,0.5,2147,3043,0.705553729871837,0.6111719605695509,435,4735,0.4912515456395975,0.0018396544531414807,0.9380244642530579,0.9258885173595999,0.9185346081042768,0.9314890238641276,0.004975124378109453,0.8,0.6321999999999999,0.6,0.76,0.795,0.76,0.8,0.014925373134328358,0.8407960199004975,0.9850746268656716
shanxi,Shanxi,18,0.5,2541,3043,0.8350312191915873,0.76013143483023,461,5681,0.4969564740742232,0.001719142877096268,0.9376287137768388,0.9222296213053888,0.916704838739797,0.9270307565962442,0.0049751243781094,0.7741935483870968,0.6125806451612905,0.5806451612903226,0.7104838709677421,0.8232258064516128,0.7741935483870968,0.8387096774193549,0.0099502487562189,0.9800995024875622,0.1144278606965174
shanxi,Shanxi,24,0.5,2701,3043,0.8876109102859021,0.7984665936473165,473,6155,0.4940118382488526,0.001721545401352844,0.9338681362681507,0.9204770583070473,0.9136096907742283,0.9248554418057876,0.004975124378109453,0.8125,0.59578125,0.5625,0.6875,0.8153125,0.75,0.96875,0.004975124378109453,0.7313432835820896,0.7064676616915423
INGV,Italy,12,0.5,5114,7546,0.6777100450569838,0.3250883392226148,1051,3624,0.36325963765165903,0.007171973942388247,0.9853523683266918,0.9811291485668796,0.9792556745366213,0.9825537557798627,0.004975124378109453,1.0,0.21196078431372548,0.1568627450980392,0.43137254901960786,0.8288235294117646,0.4892156862745098,1.0,0.004975124378109453,0.5373134328358209,1.0
INGV,Italy,18,0.5,5774,7546,0.7651736019082958,0.41519434628975266,1162,4190,0.36710297223602206,0.006517382516186942,0.985613221680323,0.9810324941182026,0.9796622077753492,0.9824938052488986,0.0049751243781094,1.0,0.2025490196078431,0.1568627450980392,0.392156862745098,0.8529411764705881,0.4509803921568627,1.0,0.0049751243781094,0.582089552238806,1.0
INGV,Italy,24,0.5,6318,7546,0.8372647760402863,0.5013250883392226,1236,4572,0.3656144913976327,0.006087748611984098,0.9857394547038316,0.9804207761609317,0.9787466223202002,0.9818599256968615,0.004975124378109453,1.0,0.2913076923076923,0.26153846153846155,0.47730769230769243,0.8606153846153844,0.5692307692307692,1.0,0.004975124378109453,0.5422885572139303,1.0
chuandian,Chuan–Dian,12,0.5,3456,5592,0.6180257510729614,0.3390941597139452,957,3142,0.4034264002315196,0.0043074688002137426,0.9875762175785169,0.9845072640091371,0.982916389631881,0.9855914384238307,0.004975124378109453,0.9333333333333333,0.29590909090909084,0.2727272727272727,0.437727272727273,0.9144545454545454,0.5875757575757576,0.9939393939393939,0.004975124378109453,0.7810945273631841,0.5223880597014925
chuandian,Chuan–Dian,18,0.5,4275,5592,0.7644849785407726,0.5375446960667462,1076,3777,0.4104973871351195,0.0042418110284263,0.9878096157059943,0.984242488333926,0.982851480966218,0.98538750435174,0.0049751243781094,0.9181141439205956,0.4582382133995037,0.4392059553349876,0.5632754342431762,0.9227171215880892,0.8262406947890819,0.9875930521091812,0.0049751243781094,0.6666666666666666,0.572139303482587
chuandian,Chuan–Dian,24,0.5,4725,5592,0.8449570815450643,0.6597139451728248,1126,4118,0.4052786843005943,0.004237571148886306,0.9876621080844556,0.9839765886162439,0.9827466444853189,0.9851066637082493,0.004975124378109453,0.9322381930184805,0.5001232032854209,0.486652977412731,0.5853182751540041,0.9288193018480493,0.8357289527720739,0.997946611909651,0.004975124378109453,0.5870646766169154,0.5024875621890548
southern_california,Southern California,12,0.5,17291,19265,0.8975343887879574,0.7352941176470589,1235,12213,0.4796502085222835,0.0016566626414112843,0.9705258728160286,0.9670192654997999,0.9651809803203646,0.9687748222233545,0.004975124378109453,0.9947643979057592,0.6206806282722513,0.6020942408376964,0.7958115183246073,0.9941099476439793,0.9790575916230366,1.0,0.004975124378109453,0.8258706467661692,0.7562189054726368
southern_california,Southern California,18,0.5,18850,19265,0.9784583441474176,0.9112456747404845,1261,13236,0.47071575595580145,0.0015524607391120243,0.9676602307506408,0.9648955845455668,0.9630362185704016,0.9666589406772812,0.0049751243781094,0.9936585365853658,0.2675463414634146,0.2326829268292683,0.3918231707317073,0.881640243902439,0.5690243902439024,0.9941463414634146,0.0049751243781094,0.099502487562189,0.945273631840796
southern_california,Southern California,24,0.5,19027,19265,0.9876459901375552,0.9237024221453287,1277,13462,0.46783008073987037,0.0015386204230902743,0.9676202703538842,0.9638565590963117,0.9617266194944163,0.9660381431054033,0.004975124378109453,0.9938577840774864,0.27947318686510747,0.23742026931254429,0.4160229151901725,0.8908362863217576,0.5513819985825655,0.9943302622253721,0.004975124378109453,0.16417910447761194,0.9203980099502488
